archive_sample_id	experiment_id	sample_timepoint_id	condition_id	replicate_id	batch_id	gsm_accession	biosample_accession	sra_sample_accession	srx_accession	sample_title_original	sample_alias_original	species_scientific	taxonomy_id	cell_line_or_tissue	platform_accession	genotype_original	phase_original	type_original	own_data_status	biological_sample_origin_status	library_origin_status	sequencing_generation_status	analysis_usage_status	origin_evidence_ids	disposition_status	run_count	evidence_ids	notes
AS-P0008-001	EX-P0008-001	ST-P0008-GEO-001	C-P0008-GEO-001	R-P0008-GEO-001	B-P0008-GEO-001	GSM2745839	SAMN07512622	SRS2434596	SRX3098292	NS-R1	GSM2745839	Gallus gallus	9031	DT40	GPL16133	WT	NS	NR	yes	study_generated	study_generated	UNRESOLVED	primary_analysis	E-P0008-008|E-P0008-013	mapped	32	E-P0008-008|E-P0008-009|E-P0008-010	GEO→BioSample/SRX与NCBI/ENA Run关系均由官方字段连接
AS-P0008-002	EX-P0008-001	ST-P0008-GEO-002	C-P0008-GEO-002	R-P0008-GEO-002	B-P0008-GEO-002	GSM2745840	SAMN07512588	SRS2434597	SRX3098293	90G2-R1	GSM2745840	Gallus gallus	9031	DT40	GPL16133	WT	G2	NR	yes	study_generated	study_generated	UNRESOLVED	primary_analysis	E-P0008-008|E-P0008-013	mapped	28	E-P0008-008|E-P0008-009|E-P0008-010	GEO→BioSample/SRX与NCBI/ENA Run关系均由官方字段连接
AS-P0008-003	EX-P0008-001	ST-P0008-GEO-003	C-P0008-GEO-003	R-P0008-GEO-003	B-P0008-GEO-003	GSM2745841	SAMN07512587	SRS2434598	SRX3098294	90G2-R2	GSM2745841	Gallus gallus	9031	DT40	GPL16133	WT	G2	NR	yes	study_generated	study_generated	UNRESOLVED	primary_analysis	E-P0008-008|E-P0008-013	mapped	36	E-P0008-008|E-P0008-009|E-P0008-010	GEO→BioSample/SRX与NCBI/ENA Run关系均由官方字段连接
AS-P0008-004	EX-P0008-001	ST-P0008-GEO-004	C-P0008-GEO-004	R-P0008-GEO-004	B-P0008-GEO-004	GSM2745842	SAMN07512650	SRS2434599	SRX3098295	92Pphase-10m-R1	GSM2745842	Gallus gallus	9031	DT40	GPL16133	WT	Prophase	NR	yes	study_generated	study_generated	UNRESOLVED	primary_analysis	E-P0008-008|E-P0008-013	mapped	30	E-P0008-008|E-P0008-009|E-P0008-010	GEO→BioSample/SRX与NCBI/ENA Run关系均由官方字段连接
AS-P0008-005	EX-P0008-001	ST-P0008-GEO-005	C-P0008-GEO-005	R-P0008-GEO-005	B-P0008-GEO-005	GSM2745843	SAMN07512649	SRS2434600	SRX3098296	87PMphase-30m-R1	GSM2745843	Gallus gallus	9031	DT40	GPL16133	WT	Prometaphase	NR	yes	study_generated	study_generated	UNRESOLVED	primary_analysis	E-P0008-008|E-P0008-013	mapped	27	E-P0008-008|E-P0008-009|E-P0008-010	GEO→BioSample/SRX与NCBI/ENA Run关系均由官方字段连接
AS-P0008-006	EX-P0008-001	ST-P0008-GEO-006	C-P0008-GEO-006	R-P0008-GEO-006	B-P0008-GEO-006	GSM2745844	SAMN07512648	SRS2434601	SRX3098297	90PMphase-30m-R2	GSM2745844	Gallus gallus	9031	DT40	GPL16133	WT	Prometaphase	NR	yes	study_generated	study_generated	UNRESOLVED	primary_analysis	E-P0008-008|E-P0008-013	mapped	34	E-P0008-008|E-P0008-009|E-P0008-010	GEO→BioSample/SRX与NCBI/ENA Run关系均由官方字段连接
AS-P0008-007	EX-P0008-001	ST-P0008-GEO-007	C-P0008-GEO-007	R-P0008-GEO-007	B-P0008-GEO-007	GSM2745845	SAMN07512647	SRS2434602	SRX3098298	92PMphase-60m-R1	GSM2745845	Gallus gallus	9031	DT40	GPL16133	WT	Prometaphase	NR	yes	study_generated	study_generated	UNRESOLVED	primary_analysis	E-P0008-008|E-P0008-013	mapped	26	E-P0008-008|E-P0008-009|E-P0008-010	GEO→BioSample/SRX与NCBI/ENA Run关系均由官方字段连接
AS-P0008-008	EX-P0008-001	ST-P0008-GEO-008	C-P0008-GEO-008	R-P0008-GEO-008	B-P0008-GEO-008	GSM2745846	SAMN07512646	SRS2434603	SRX3098299	20150609-G2-R1	GSM2745846	Gallus gallus	9031	DT40	GPL16133	WT	G2	NR	yes	study_generated	study_generated	UNRESOLVED	primary_analysis	E-P0008-008|E-P0008-013	mapped	42	E-P0008-008|E-P0008-009|E-P0008-010	GEO→BioSample/SRX与NCBI/ENA Run关系均由官方字段连接
AS-P0008-009	EX-P0008-001	ST-P0008-GEO-009	C-P0008-GEO-009	R-P0008-GEO-009	B-P0008-GEO-009	GSM2745847	SAMN07512645	SRS2434604	SRX3098300	20150609-5m-R1_	GSM2745847	Gallus gallus	9031	DT40	GPL16133	WT	Prophase	NR	yes	study_generated	study_generated	UNRESOLVED	primary_analysis	E-P0008-008|E-P0008-013	mapped	45	E-P0008-008|E-P0008-009|E-P0008-010	GEO→BioSample/SRX与NCBI/ENA Run关系均由官方字段连接
AS-P0008-010	EX-P0008-001	ST-P0008-GEO-010	C-P0008-GEO-010	R-P0008-GEO-010	B-P0008-GEO-010	GSM2745848	SAMN07512644	SRS2434605	SRX3098301	20150609-15m-R1	GSM2745848	Gallus gallus	9031	DT40	GPL16133	WT	Prometaphase	NR	yes	study_generated	study_generated	UNRESOLVED	primary_analysis	E-P0008-008|E-P0008-013	mapped	37	E-P0008-008|E-P0008-009|E-P0008-010	GEO→BioSample/SRX与NCBI/ENA Run关系均由官方字段连接
AS-P0008-011	EX-P0008-001	ST-P0008-GEO-011	C-P0008-GEO-011	R-P0008-GEO-011	B-P0008-GEO-011	GSM2745849	SAMN07512643	SRS2434606	SRX3098302	20150609-30m-R1	GSM2745849	Gallus gallus	9031	DT40	GPL16133	WT	Prometaphase	NR	yes	study_generated	study_generated	UNRESOLVED	primary_analysis	E-P0008-008|E-P0008-013	mapped	43	E-P0008-008|E-P0008-009|E-P0008-010	GEO→BioSample/SRX与NCBI/ENA Run关系均由官方字段连接
AS-P0008-012	EX-P0008-001	ST-P0008-GEO-012	C-P0008-GEO-012	R-P0008-GEO-012	B-P0008-GEO-012	GSM2745850	SAMN07512642	SRS2434607	SRX3098303	20150609-60m-R1	GSM2745850	Gallus gallus	9031	DT40	GPL16133	WT	Prometaphase	NR	yes	study_generated	study_generated	UNRESOLVED	primary_analysis	E-P0008-008|E-P0008-013	mapped	42	E-P0008-008|E-P0008-009|E-P0008-010	GEO→BioSample/SRX与NCBI/ENA Run关系均由官方字段连接
AS-P0008-013	EX-P0008-001	ST-P0008-GEO-013	C-P0008-GEO-013	R-P0008-GEO-013	B-P0008-GEO-013	GSM2745851	SAMN07512641	SRS2434608	SRX3098304	20151009-0m-R1	GSM2745851	Gallus gallus	9031	DT40	GPL16133	WT	Prophase	NR	yes	study_generated	study_generated	UNRESOLVED	primary_analysis	E-P0008-008|E-P0008-013	mapped	33	E-P0008-008|E-P0008-009|E-P0008-010	GEO→BioSample/SRX与NCBI/ENA Run关系均由官方字段连接
AS-P0008-014	EX-P0008-001	ST-P0008-GEO-014	C-P0008-GEO-014	R-P0008-GEO-014	B-P0008-GEO-014	GSM2745852	SAMN07512640	SRS2434609	SRX3098305	20151009-2m-R1	GSM2745852	Gallus gallus	9031	DT40	GPL16133	WT	Prophase	NR	yes	study_generated	study_generated	UNRESOLVED	primary_analysis	E-P0008-008|E-P0008-013	mapped	47	E-P0008-008|E-P0008-009|E-P0008-010	GEO→BioSample/SRX与NCBI/ENA Run关系均由官方字段连接
AS-P0008-015	EX-P0008-001	ST-P0008-GEO-015	C-P0008-GEO-015	R-P0008-GEO-015	B-P0008-GEO-015	GSM2745853	SAMN07512639	SRS2434610	SRX3098306	20151009-5m-R1	GSM2745853	Gallus gallus	9031	DT40	GPL16133	WT	Prophase	NR	yes	study_generated	study_generated	UNRESOLVED	primary_analysis	E-P0008-008|E-P0008-013	mapped	41	E-P0008-008|E-P0008-009|E-P0008-010	GEO→BioSample/SRX与NCBI/ENA Run关系均由官方字段连接
AS-P0008-016	EX-P0008-001	ST-P0008-GEO-016	C-P0008-GEO-016	R-P0008-GEO-016	B-P0008-GEO-016	GSM2745854	SAMN07512638	SRS2434611	SRX3098307	20151009-7m-R1	GSM2745854	Gallus gallus	9031	DT40	GPL16133	WT	Prophase	NR	yes	study_generated	study_generated	UNRESOLVED	primary_analysis	E-P0008-008|E-P0008-013	mapped	44	E-P0008-008|E-P0008-009|E-P0008-010	GEO→BioSample/SRX与NCBI/ENA Run关系均由官方字段连接
AS-P0008-017	EX-P0008-001	ST-P0008-GEO-017	C-P0008-GEO-017	R-P0008-GEO-017	B-P0008-GEO-017	GSM2745855	SAMN07512637	SRS2434612	SRX3098308	20151009-10m-R1	GSM2745855	Gallus gallus	9031	DT40	GPL16133	WT	Prophase	NR	yes	study_generated	study_generated	UNRESOLVED	primary_analysis	E-P0008-008|E-P0008-013	mapped	43	E-P0008-008|E-P0008-009|E-P0008-010	GEO→BioSample/SRX与NCBI/ENA Run关系均由官方字段连接
AS-P0008-018	EX-P0008-001	ST-P0008-GEO-018	C-P0008-GEO-018	R-P0008-GEO-018	B-P0008-GEO-018	GSM2745856	SAMN07512636	SRS2434613	SRX3098309	20150603-G2-R1	GSM2745856	Gallus gallus	9031	DT40	GPL16133	WT	G2	NR	yes	study_generated	study_generated	UNRESOLVED	primary_analysis	E-P0008-008|E-P0008-013	mapped	47	E-P0008-008|E-P0008-009|E-P0008-010	GEO→BioSample/SRX与NCBI/ENA Run关系均由官方字段连接
AS-P0008-019	EX-P0008-001	ST-P0008-GEO-019	C-P0008-GEO-019	R-P0008-GEO-019	B-P0008-GEO-019	GSM2745857	SAMN07512635	SRS2434614	SRX3098310	20150603-s15m-R1	GSM2745857	Gallus gallus	9031	DT40	GPL16133	WT	Prometaphase	sorted	yes	study_generated	study_generated	UNRESOLVED	primary_analysis	E-P0008-008|E-P0008-013	mapped	48	E-P0008-008|E-P0008-009|E-P0008-010	GEO→BioSample/SRX与NCBI/ENA Run关系均由官方字段连接
AS-P0008-020	EX-P0008-001	ST-P0008-GEO-020	C-P0008-GEO-020	R-P0008-GEO-020	B-P0008-GEO-020	GSM2745858	SAMN07512634	SRS2434615	SRX3098311	20150603-s30m-R1	GSM2745858	Gallus gallus	9031	DT40	GPL16133	WT	Prometaphase	sorted	yes	study_generated	study_generated	UNRESOLVED	primary_analysis	E-P0008-008|E-P0008-013	mapped	43	E-P0008-008|E-P0008-009|E-P0008-010	GEO→BioSample/SRX与NCBI/ENA Run关系均由官方字段连接
AS-P0008-021	EX-P0008-001	ST-P0008-GEO-021	C-P0008-GEO-021	R-P0008-GEO-021	B-P0008-GEO-021	GSM2745859	SAMN07512633	SRS2434616	SRX3098312	20150603-s60m-R1	GSM2745859	Gallus gallus	9031	DT40	GPL16133	WT	Prometaphase	sorted	yes	study_generated	study_generated	UNRESOLVED	primary_analysis	E-P0008-008|E-P0008-013	mapped	41	E-P0008-008|E-P0008-009|E-P0008-010	GEO→BioSample/SRX与NCBI/ENA Run关系均由官方字段连接
AS-P0008-022	EX-P0008-002	ST-P0008-GEO-022	C-P0008-GEO-022	R-P0008-GEO-022	B-P0008-GEO-022	GSM2745860	SAMN07512632	SRS2434617	SRX3098313	20150610-sG2-R1	GSM2745860	Gallus gallus	9031	DT40	GPL16133	SMC2-AID	G2	sorted	yes	study_generated	study_generated	UNRESOLVED	primary_analysis	E-P0008-008|E-P0008-013	mapped	41	E-P0008-008|E-P0008-009|E-P0008-010	GEO→BioSample/SRX与NCBI/ENA Run关系均由官方字段连接
AS-P0008-023	EX-P0008-002	ST-P0008-GEO-023	C-P0008-GEO-023	R-P0008-GEO-023	B-P0008-GEO-023	GSM2745861	SAMN07512631	SRS2434618	SRX3098314	20150610-s10m-R1	GSM2745861	Gallus gallus	9031	DT40	GPL16133	SMC2-AID	Prophase	sorted	yes	study_generated	study_generated	UNRESOLVED	primary_analysis	E-P0008-008|E-P0008-013	mapped	35	E-P0008-008|E-P0008-009|E-P0008-010	GEO→BioSample/SRX与NCBI/ENA Run关系均由官方字段连接
AS-P0008-024	EX-P0008-002	ST-P0008-GEO-024	C-P0008-GEO-024	R-P0008-GEO-024	B-P0008-GEO-024	GSM2745862	SAMN07512630	SRS2434619	SRX3098315	20150610-s45m-R1	GSM2745862	Gallus gallus	9031	DT40	GPL16133	SMC2-AID	Prometaphase	sorted	yes	study_generated	study_generated	UNRESOLVED	primary_analysis	E-P0008-008|E-P0008-013	mapped	40	E-P0008-008|E-P0008-009|E-P0008-010	GEO→BioSample/SRX与NCBI/ENA Run关系均由官方字段连接
AS-P0008-025	EX-P0008-002	ST-P0008-GEO-025	C-P0008-GEO-025	R-P0008-GEO-025	B-P0008-GEO-025	GSM2745863	SAMN07512629	SRS2434620	SRX3098316	20150610-s75m-R1	GSM2745863	Gallus gallus	9031	DT40	GPL16133	SMC2-AID	Prometaphase	sorted	yes	study_generated	study_generated	UNRESOLVED	primary_analysis	E-P0008-008|E-P0008-013	mapped	37	E-P0008-008|E-P0008-009|E-P0008-010	GEO→BioSample/SRX与NCBI/ENA Run关系均由官方字段连接
AS-P0008-026	EX-P0008-002	ST-P0008-GEO-026	C-P0008-GEO-026	R-P0008-GEO-026	B-P0008-GEO-026	GSM2745864	SAMN07512628	SRS2434621	SRX3098317	20150812-G2-R1	GSM2745864	Gallus gallus	9031	DT40	GPL16133	SMC2-AID	G2	NR	yes	study_generated	study_generated	UNRESOLVED	primary_analysis	E-P0008-008|E-P0008-013	mapped	44	E-P0008-008|E-P0008-009|E-P0008-010	GEO→BioSample/SRX与NCBI/ENA Run关系均由官方字段连接
AS-P0008-027	EX-P0008-002	ST-P0008-GEO-027	C-P0008-GEO-027	R-P0008-GEO-027	B-P0008-GEO-027	GSM2745865	SAMN07512627	SRS2434622	SRX3098318	20150814-G2-R2	GSM2745865	Gallus gallus	9031	DT40	GPL16133	SMC2-AID	G2	NR	yes	study_generated	study_generated	UNRESOLVED	primary_analysis	E-P0008-008|E-P0008-013	mapped	47	E-P0008-008|E-P0008-009|E-P0008-010	GEO→BioSample/SRX与NCBI/ENA Run关系均由官方字段连接
AS-P0008-028	EX-P0008-002	ST-P0008-GEO-028	C-P0008-GEO-028	R-P0008-GEO-028	B-P0008-GEO-028	GSM2745866	SAMN07512626	SRS2434623	SRX3098319	20150814-10m-R2	GSM2745866	Gallus gallus	9031	DT40	GPL16133	SMC2-AID	Prophase	NR	yes	study_generated	study_generated	UNRESOLVED	primary_analysis	E-P0008-008|E-P0008-013	mapped	45	E-P0008-008|E-P0008-009|E-P0008-010	GEO→BioSample/SRX与NCBI/ENA Run关系均由官方字段连接
AS-P0008-029	EX-P0008-002	ST-P0008-GEO-029	C-P0008-GEO-029	R-P0008-GEO-029	B-P0008-GEO-029	GSM2745867	SAMN07512625	SRS2434624	SRX3098320	20150814-45m-R2	GSM2745867	Gallus gallus	9031	DT40	GPL16133	SMC2-AID	Prometaphase	NR	yes	study_generated	study_generated	UNRESOLVED	primary_analysis	E-P0008-008|E-P0008-013	mapped	46	E-P0008-008|E-P0008-009|E-P0008-010	GEO→BioSample/SRX与NCBI/ENA Run关系均由官方字段连接
AS-P0008-030	EX-P0008-002	ST-P0008-GEO-030	C-P0008-GEO-030	R-P0008-GEO-030	B-P0008-GEO-030	GSM2745868	SAMN07512624	SRS2434625	SRX3098321	20150814-75m-R2	GSM2745868	Gallus gallus	9031	DT40	GPL16133	SMC2-AID	Prometaphase	NR	yes	study_generated	study_generated	UNRESOLVED	primary_analysis	E-P0008-008|E-P0008-013	mapped	42	E-P0008-008|E-P0008-009|E-P0008-010	GEO→BioSample/SRX与NCBI/ENA Run关系均由官方字段连接
AS-P0008-031	EX-P0008-003	ST-P0008-GEO-031	C-P0008-GEO-031	R-P0008-GEO-031	B-P0008-GEO-031	GSM2745869	SAMN07512623	SRS2434626	SRX3098322	20160726-G2p-R1	GSM2745869	Gallus gallus	9031	DT40	GPL23499	CAPH-AID	G2	NR	yes	study_generated	study_generated	UNRESOLVED	primary_analysis	E-P0008-008|E-P0008-013	mapped	1	E-P0008-008|E-P0008-009|E-P0008-010	GEO→BioSample/SRX与NCBI/ENA Run关系均由官方字段连接
AS-P0008-032	EX-P0008-003	ST-P0008-GEO-032	C-P0008-GEO-032	R-P0008-GEO-032	B-P0008-GEO-032	GSM2745870	SAMN07512621	SRS2434627	SRX3098323	20160726-G2n-R1	GSM2745870	Gallus gallus	9031	DT40	GPL23499	CAPH-AID	G2	NR	yes	study_generated	study_generated	UNRESOLVED	primary_analysis	E-P0008-008|E-P0008-013	mapped	1	E-P0008-008|E-P0008-009|E-P0008-010	GEO→BioSample/SRX与NCBI/ENA Run关系均由官方字段连接
AS-P0008-033	EX-P0008-003	ST-P0008-GEO-033	C-P0008-GEO-033	R-P0008-GEO-033	B-P0008-GEO-033	GSM2745871	SAMN07512620	SRS2434628	SRX3098324	20160726-8m-R1_	GSM2745871	Gallus gallus	9031	DT40	GPL23499	CAPH-AID	Prophase	NR	yes	study_generated	study_generated	UNRESOLVED	primary_analysis	E-P0008-008|E-P0008-013	mapped	1	E-P0008-008|E-P0008-009|E-P0008-010	GEO→BioSample/SRX与NCBI/ENA Run关系均由官方字段连接
AS-P0008-034	EX-P0008-003	ST-P0008-GEO-034	C-P0008-GEO-034	R-P0008-GEO-034	B-P0008-GEO-034	GSM2745872	SAMN07512619	SRS2434629	SRX3098325	20160726-10m-R1	GSM2745872	Gallus gallus	9031	DT40	GPL23499	CAPH-AID	Prophase	NR	yes	study_generated	study_generated	UNRESOLVED	primary_analysis	E-P0008-008|E-P0008-013	mapped	1	E-P0008-008|E-P0008-009|E-P0008-010	GEO→BioSample/SRX与NCBI/ENA Run关系均由官方字段连接
AS-P0008-035	EX-P0008-003	ST-P0008-GEO-035	C-P0008-GEO-035	R-P0008-GEO-035	B-P0008-GEO-035	GSM2745873	SAMN07512618	SRS2434630	SRX3098326	20160726-15m-R1	GSM2745873	Gallus gallus	9031	DT40	GPL23499	CAPH-AID	Prometaphase	NR	yes	study_generated	study_generated	UNRESOLVED	primary_analysis	E-P0008-008|E-P0008-013	mapped	1	E-P0008-008|E-P0008-009|E-P0008-010	GEO→BioSample/SRX与NCBI/ENA Run关系均由官方字段连接
AS-P0008-036	EX-P0008-003	ST-P0008-GEO-036	C-P0008-GEO-036	R-P0008-GEO-036	B-P0008-GEO-036	GSM2745874	SAMN07512617	SRS2434631	SRX3098327	20160726-30m-R1	GSM2745874	Gallus gallus	9031	DT40	GPL23499	CAPH-AID	Prometaphase	NR	yes	study_generated	study_generated	UNRESOLVED	primary_analysis	E-P0008-008|E-P0008-013	mapped	1	E-P0008-008|E-P0008-009|E-P0008-010	GEO→BioSample/SRX与NCBI/ENA Run关系均由官方字段连接
AS-P0008-037	EX-P0008-003	ST-P0008-GEO-037	C-P0008-GEO-037	R-P0008-GEO-037	B-P0008-GEO-037	GSM2745875	SAMN07512616	SRS2434632	SRX3098328	20160726-60m-R1	GSM2745875	Gallus gallus	9031	DT40	GPL23499	CAPH-AID	Prometaphase	NR	yes	study_generated	study_generated	UNRESOLVED	primary_analysis	E-P0008-008|E-P0008-013	mapped	1	E-P0008-008|E-P0008-009|E-P0008-010	GEO→BioSample/SRX与NCBI/ENA Run关系均由官方字段连接
AS-P0008-038	EX-P0008-004	ST-P0008-GEO-038	C-P0008-GEO-038	R-P0008-GEO-038	B-P0008-GEO-038	GSM2745876	SAMN07512610	SRS2434633	SRX3098329	20160714-G2p-R1	GSM2745876	Gallus gallus	9031	DT40	GPL23499	CAPH2-AID	G2	NR	yes	study_generated	study_generated	UNRESOLVED	primary_analysis	E-P0008-008|E-P0008-013	mapped	1	E-P0008-008|E-P0008-009|E-P0008-010	GEO→BioSample/SRX与NCBI/ENA Run关系均由官方字段连接
AS-P0008-039	EX-P0008-004	ST-P0008-GEO-039	C-P0008-GEO-039	R-P0008-GEO-039	B-P0008-GEO-039	GSM2745877	SAMN07512615	SRS2434634	SRX3098330	20160714-G2n-R1	GSM2745877	Gallus gallus	9031	DT40	GPL23499	CAPH2-AID	G2	NR	yes	study_generated	study_generated	UNRESOLVED	primary_analysis	E-P0008-008|E-P0008-013	mapped	1	E-P0008-008|E-P0008-009|E-P0008-010	GEO→BioSample/SRX与NCBI/ENA Run关系均由官方字段连接
AS-P0008-040	EX-P0008-004	ST-P0008-GEO-040	C-P0008-GEO-040	R-P0008-GEO-040	B-P0008-GEO-040	GSM2745878	SAMN07512614	SRS2434635	SRX3098331	20160714-8m-R1	GSM2745878	Gallus gallus	9031	DT40	GPL23499	CAPH2-AID	Prophase	NR	yes	study_generated	study_generated	UNRESOLVED	primary_analysis	E-P0008-008|E-P0008-013	mapped	1	E-P0008-008|E-P0008-009|E-P0008-010	GEO→BioSample/SRX与NCBI/ENA Run关系均由官方字段连接
AS-P0008-041	EX-P0008-004	ST-P0008-GEO-041	C-P0008-GEO-041	R-P0008-GEO-041	B-P0008-GEO-041	GSM2745879	SAMN07512613	SRS2434636	SRX3098332	20160714-10m-R1	GSM2745879	Gallus gallus	9031	DT40	GPL23499	CAPH2-AID	NR	NR	yes	study_generated	study_generated	UNRESOLVED	primary_analysis	E-P0008-008|E-P0008-013	mapped	1	E-P0008-008|E-P0008-009|E-P0008-010	GEO→BioSample/SRX与NCBI/ENA Run关系均由官方字段连接
AS-P0008-042	EX-P0008-004	ST-P0008-GEO-042	C-P0008-GEO-042	R-P0008-GEO-042	B-P0008-GEO-042	GSM2745880	SAMN07512612	SRS2434637	SRX3098333	20160714-15m-R1	GSM2745880	Gallus gallus	9031	DT40	GPL23499	CAPH2-AID	Prometaphase	NR	yes	study_generated	study_generated	UNRESOLVED	primary_analysis	E-P0008-008|E-P0008-013	mapped	1	E-P0008-008|E-P0008-009|E-P0008-010	GEO→BioSample/SRX与NCBI/ENA Run关系均由官方字段连接
AS-P0008-043	EX-P0008-004	ST-P0008-GEO-043	C-P0008-GEO-043	R-P0008-GEO-043	B-P0008-GEO-043	GSM2745881	SAMN07512611	SRS2434638	SRX3098334	20160714-30m-R1	GSM2745881	Gallus gallus	9031	DT40	GPL23499	CAPH2-AID	Prometaphase	NR	yes	study_generated	study_generated	UNRESOLVED	primary_analysis	E-P0008-008|E-P0008-013	mapped	1	E-P0008-008|E-P0008-009|E-P0008-010	GEO→BioSample/SRX与NCBI/ENA Run关系均由官方字段连接
AS-P0008-044	EX-P0008-004	ST-P0008-GEO-044	C-P0008-GEO-044	R-P0008-GEO-044	B-P0008-GEO-044	GSM2745882	SAMN07512609	SRS2434639	SRX3098335	20160714-60m-R1	GSM2745882	Gallus gallus	9031	DT40	GPL23499	CAPH2-AID	Prometaphase	NR	yes	study_generated	study_generated	UNRESOLVED	primary_analysis	E-P0008-008|E-P0008-013	mapped	1	E-P0008-008|E-P0008-009|E-P0008-010	GEO→BioSample/SRX与NCBI/ENA Run关系均由官方字段连接
AS-P0008-045	EX-P0008-003	ST-P0008-GEO-045	C-P0008-GEO-045	R-P0008-GEO-045	B-P0008-GEO-045	GSM2745883	SAMN07512608	SRS2434640	SRX3098336	20160919-G2p-R2	GSM2745883	Gallus gallus	9031	DT40	GPL23499	CAPH-AID	G2	NR	yes	study_generated	study_generated	UNRESOLVED	primary_analysis	E-P0008-008|E-P0008-013	mapped	1	E-P0008-008|E-P0008-009|E-P0008-010	GEO→BioSample/SRX与NCBI/ENA Run关系均由官方字段连接
AS-P0008-046	EX-P0008-003	ST-P0008-GEO-046	C-P0008-GEO-046	R-P0008-GEO-046	B-P0008-GEO-046	GSM2745884	SAMN07512607	SRS2434641	SRX3098337	20160919-G2n-R2	GSM2745884	Gallus gallus	9031	DT40	GPL23499	CAPH-AID	G2	NR	yes	study_generated	study_generated	UNRESOLVED	primary_analysis	E-P0008-008|E-P0008-013	mapped	1	E-P0008-008|E-P0008-009|E-P0008-010	GEO→BioSample/SRX与NCBI/ENA Run关系均由官方字段连接
AS-P0008-047	EX-P0008-003	ST-P0008-GEO-047	C-P0008-GEO-047	R-P0008-GEO-047	B-P0008-GEO-047	GSM2745885	SAMN07512606	SRS2434642	SRX3098338	20160919-7m-R2_	GSM2745885	Gallus gallus	9031	DT40	GPL23499	CAPH-AID	Prophase	NR	yes	study_generated	study_generated	UNRESOLVED	primary_analysis	E-P0008-008|E-P0008-013	mapped	1	E-P0008-008|E-P0008-009|E-P0008-010	GEO→BioSample/SRX与NCBI/ENA Run关系均由官方字段连接
AS-P0008-048	EX-P0008-003	ST-P0008-GEO-048	C-P0008-GEO-048	R-P0008-GEO-048	B-P0008-GEO-048	GSM2745886	SAMN07512605	SRS2434643	SRX3098339	20160919-10m-R2	GSM2745886	Gallus gallus	9031	DT40	GPL23499	CAPH-AID	Prophase	NR	yes	study_generated	study_generated	UNRESOLVED	primary_analysis	E-P0008-008|E-P0008-013	mapped	1	E-P0008-008|E-P0008-009|E-P0008-010	GEO→BioSample/SRX与NCBI/ENA Run关系均由官方字段连接
AS-P0008-049	EX-P0008-003	ST-P0008-GEO-049	C-P0008-GEO-049	R-P0008-GEO-049	B-P0008-GEO-049	GSM2745887	SAMN07512604	SRS2434644	SRX3098340	20160919-15m-R2	GSM2745887	Gallus gallus	9031	DT40	GPL23499	CAPH-AID	Prometaphase	NR	yes	study_generated	study_generated	UNRESOLVED	primary_analysis	E-P0008-008|E-P0008-013	mapped	1	E-P0008-008|E-P0008-009|E-P0008-010	GEO→BioSample/SRX与NCBI/ENA Run关系均由官方字段连接
AS-P0008-050	EX-P0008-003	ST-P0008-GEO-050	C-P0008-GEO-050	R-P0008-GEO-050	B-P0008-GEO-050	GSM2745888	SAMN07512603	SRS2434645	SRX3098341	20160919-30m-R2	GSM2745888	Gallus gallus	9031	DT40	GPL23499	CAPH-AID	Prometaphase	NR	yes	study_generated	study_generated	UNRESOLVED	primary_analysis	E-P0008-008|E-P0008-013	mapped	1	E-P0008-008|E-P0008-009|E-P0008-010	GEO→BioSample/SRX与NCBI/ENA Run关系均由官方字段连接
AS-P0008-051	EX-P0008-003	ST-P0008-GEO-051	C-P0008-GEO-051	R-P0008-GEO-051	B-P0008-GEO-051	GSM2745889	SAMN07512602	SRS2434646	SRX3098342	20160919-60m-R2	GSM2745889	Gallus gallus	9031	DT40	GPL23499	CAPH-AID	Prometaphase	NR	yes	study_generated	study_generated	UNRESOLVED	primary_analysis	E-P0008-008|E-P0008-013	mapped	1	E-P0008-008|E-P0008-009|E-P0008-010	GEO→BioSample/SRX与NCBI/ENA Run关系均由官方字段连接
AS-P0008-052	EX-P0008-004	ST-P0008-GEO-052	C-P0008-GEO-052	R-P0008-GEO-052	B-P0008-GEO-052	GSM2745890	SAMN07512601	SRS2434647	SRX3098343	20160830-G2p-R2	GSM2745890	Gallus gallus	9031	DT40	GPL23499	CAPH2-AID	G2	NR	yes	study_generated	study_generated	UNRESOLVED	primary_analysis	E-P0008-008|E-P0008-013	mapped	1	E-P0008-008|E-P0008-009|E-P0008-010	GEO→BioSample/SRX与NCBI/ENA Run关系均由官方字段连接
AS-P0008-053	EX-P0008-004	ST-P0008-GEO-053	C-P0008-GEO-053	R-P0008-GEO-053	B-P0008-GEO-053	GSM2745891	SAMN07512600	SRS2434648	SRX3098344	20160830-G2n-R2	GSM2745891	Gallus gallus	9031	DT40	GPL23499	CAPH2-AID	G2	NR	yes	study_generated	study_generated	UNRESOLVED	primary_analysis	E-P0008-008|E-P0008-013	mapped	1	E-P0008-008|E-P0008-009|E-P0008-010	GEO→BioSample/SRX与NCBI/ENA Run关系均由官方字段连接
AS-P0008-054	EX-P0008-004	ST-P0008-GEO-054	C-P0008-GEO-054	R-P0008-GEO-054	B-P0008-GEO-054	GSM2745892	SAMN07512599	SRS2434649	SRX3098345	20160830-7m-R2	GSM2745892	Gallus gallus	9031	DT40	GPL23499	CAPH2-AID	Prophase	NR	yes	study_generated	study_generated	UNRESOLVED	primary_analysis	E-P0008-008|E-P0008-013	mapped	1	E-P0008-008|E-P0008-009|E-P0008-010	GEO→BioSample/SRX与NCBI/ENA Run关系均由官方字段连接
AS-P0008-055	EX-P0008-004	ST-P0008-GEO-055	C-P0008-GEO-055	R-P0008-GEO-055	B-P0008-GEO-055	GSM2745893	SAMN07512598	SRS2434650	SRX3098346	20160830-10m-R2	GSM2745893	Gallus gallus	9031	DT40	GPL23499	CAPH2-AID	Prometaphase	NR	yes	study_generated	study_generated	UNRESOLVED	primary_analysis	E-P0008-008|E-P0008-013	mapped	1	E-P0008-008|E-P0008-009|E-P0008-010	GEO→BioSample/SRX与NCBI/ENA Run关系均由官方字段连接
AS-P0008-056	EX-P0008-004	ST-P0008-GEO-056	C-P0008-GEO-056	R-P0008-GEO-056	B-P0008-GEO-056	GSM2745894	SAMN07512656	SRS2434651	SRX3098347	20160830-15m-R2	GSM2745894	Gallus gallus	9031	DT40	GPL23499	CAPH2-AID	Prometaphase	NR	yes	study_generated	study_generated	UNRESOLVED	primary_analysis	E-P0008-008|E-P0008-013	mapped	1	E-P0008-008|E-P0008-009|E-P0008-010	GEO→BioSample/SRX与NCBI/ENA Run关系均由官方字段连接
AS-P0008-057	EX-P0008-004	ST-P0008-GEO-057	C-P0008-GEO-057	R-P0008-GEO-057	B-P0008-GEO-057	GSM2745895	SAMN07512655	SRS2434652	SRX3098348	20160830-30m-R2	GSM2745895	Gallus gallus	9031	DT40	GPL23499	CAPH2-AID	Prometaphase	NR	yes	study_generated	study_generated	UNRESOLVED	primary_analysis	E-P0008-008|E-P0008-013	mapped	1	E-P0008-008|E-P0008-009|E-P0008-010	GEO→BioSample/SRX与NCBI/ENA Run关系均由官方字段连接
AS-P0008-058	EX-P0008-004	ST-P0008-GEO-058	C-P0008-GEO-058	R-P0008-GEO-058	B-P0008-GEO-058	GSM2745896	SAMN07512654	SRS2434653	SRX3098349	20160830-60m-R2	GSM2745896	Gallus gallus	9031	DT40	GPL23499	CAPH2-AID	Prometaphase	NR	yes	study_generated	study_generated	UNRESOLVED	primary_analysis	E-P0008-008|E-P0008-013	mapped	1	E-P0008-008|E-P0008-009|E-P0008-010	GEO→BioSample/SRX与NCBI/ENA Run关系均由官方字段连接
AS-P0008-059	EX-P0008-005	ST-P0008-GEO-059	C-P0008-GEO-059	R-P0008-GEO-059	B-P0008-GEO-059	GSM2745897	SAMN07512652	SRS2434655	SRX3098350	HelaS3-PM98	GSM2745897	Homo sapiens	9606	HelaS3-CCL2.2	GPL11154	WT	Prometaphase	NR	unclear	reused_from_prior_study	UNRESOLVED	mixed_or_additional_unassigned	reanalyzed_prior_data	E-P0008-011|E-P0008-013	mapped	75	E-P0008-008|E-P0008-011|E-P0008-009|E-P0008-010	GEO→BioSample/SRX与NCBI/ENA Run关系均由官方字段连接
AS-P0008-060	EX-P0008-005	ST-P0008-GEO-060	C-P0008-GEO-060	R-P0008-GEO-060	B-P0008-GEO-060	GSM2745898	SAMN07512651	SRS2434654	SRX3098351	HelaS3-NS	GSM2745898	Homo sapiens	9606	HelaS3-CCL2.2	GPL11154	WT	NS	NR	unclear	reused_from_prior_study	UNRESOLVED	mixed_or_additional_unassigned	reanalyzed_prior_data	E-P0008-011|E-P0008-013	mapped	1	E-P0008-008|E-P0008-011|E-P0008-009|E-P0008-010	GEO→BioSample/SRX与NCBI/ENA Run关系均由官方字段连接
AS-P0009-001	EX-P0009-001	ST-P0009-001	C-P0009-001	R-P0009-001	B-P0009-001	GSM3729077	SAMN11457819	SRS4645876	SRX5706476	Capture-C-prometa-rep1	GSM3729077	Mus musculus	10090	G1E-ER4 cells	GPL19057	WT	prometaphase	NR	yes	study_generated	study_generated	study_generated	primary_analysis	E-P0009-003|E-P0009-004|E-P0009-005	mapped	2	E-P0009-003|E-P0009-004|E-P0009-005	GEO→BioSample/SRX/SRR and ENA FASTQ links are joined only through official snapshot fields.
AS-P0009-002	EX-P0009-001	ST-P0009-002	C-P0009-002	R-P0009-002	B-P0009-002	GSM3729078	SAMN11457818	SRS4645902	SRX5706503	Capture-C-ana.telo-rep1	GSM3729078	Mus musculus	10090	G1E-ER4 cells	GPL19057	WT	ana/telophase	NR	yes	study_generated	study_generated	study_generated	primary_analysis	E-P0009-003|E-P0009-004|E-P0009-005	mapped	2	E-P0009-003|E-P0009-004|E-P0009-005	GEO→BioSample/SRX/SRR and ENA FASTQ links are joined only through official snapshot fields.
AS-P0009-003	EX-P0009-001	ST-P0009-003	C-P0009-003	R-P0009-003	B-P0009-003	GSM3729079	SAMN11457817	SRS4645904	SRX5706504	Capture-C-early-G1-rep1	GSM3729079	Mus musculus	10090	G1E-ER4 cells	GPL19057	WT	early G1	NR	yes	study_generated	study_generated	study_generated	primary_analysis	E-P0009-003|E-P0009-004|E-P0009-005	mapped	2	E-P0009-003|E-P0009-004|E-P0009-005	GEO→BioSample/SRX/SRR and ENA FASTQ links are joined only through official snapshot fields.
AS-P0009-004	EX-P0009-001	ST-P0009-004	C-P0009-004	R-P0009-004	B-P0009-004	GSM3729080	SAMN11457816	SRS4645905	SRX5706505	Capture-C-mid-G1-rep1	GSM3729080	Mus musculus	10090	G1E-ER4 cells	GPL19057	WT	mid G1	NR	yes	study_generated	study_generated	study_generated	primary_analysis	E-P0009-003|E-P0009-004|E-P0009-005	mapped	2	E-P0009-003|E-P0009-004|E-P0009-005	GEO→BioSample/SRX/SRR and ENA FASTQ links are joined only through official snapshot fields.
AS-P0009-005	EX-P0009-001	ST-P0009-005	C-P0009-005	R-P0009-005	B-P0009-005	GSM3729081	SAMN11457815	SRS4645906	SRX5706506	Capture-C-prometa-rep2	GSM3729081	Mus musculus	10090	G1E-ER4 cells	GPL19057	WT	prometaphase	NR	yes	study_generated	study_generated	study_generated	primary_analysis	E-P0009-003|E-P0009-004|E-P0009-005	mapped	2	E-P0009-003|E-P0009-004|E-P0009-005	GEO→BioSample/SRX/SRR and ENA FASTQ links are joined only through official snapshot fields.
AS-P0009-006	EX-P0009-001	ST-P0009-006	C-P0009-006	R-P0009-006	B-P0009-006	GSM3729082	SAMN11457905	SRS4645907	SRX5706507	Capture-C-ana.telo-rep2	GSM3729082	Mus musculus	10090	G1E-ER4 cells	GPL19057	WT	ana/telophase	NR	yes	study_generated	study_generated	study_generated	primary_analysis	E-P0009-003|E-P0009-004|E-P0009-005	mapped	2	E-P0009-003|E-P0009-004|E-P0009-005	GEO→BioSample/SRX/SRR and ENA FASTQ links are joined only through official snapshot fields.
AS-P0009-007	EX-P0009-001	ST-P0009-007	C-P0009-007	R-P0009-007	B-P0009-007	GSM3729083	SAMN11457904	SRS4645908	SRX5706508	Capture-C-early-G1-rep2	GSM3729083	Mus musculus	10090	G1E-ER4 cells	GPL19057	WT	early G1	NR	yes	study_generated	study_generated	study_generated	primary_analysis	E-P0009-003|E-P0009-004|E-P0009-005	mapped	2	E-P0009-003|E-P0009-004|E-P0009-005	GEO→BioSample/SRX/SRR and ENA FASTQ links are joined only through official snapshot fields.
AS-P0009-008	EX-P0009-001	ST-P0009-008	C-P0009-008	R-P0009-008	B-P0009-008	GSM3729084	SAMN11457903	SRS4645909	SRX5706509	Capture-C-mid-G1-rep2	GSM3729084	Mus musculus	10090	G1E-ER4 cells	GPL19057	WT	mid G1	NR	yes	study_generated	study_generated	study_generated	primary_analysis	E-P0009-003|E-P0009-004|E-P0009-005	mapped	2	E-P0009-003|E-P0009-004|E-P0009-005	GEO→BioSample/SRX/SRR and ENA FASTQ links are joined only through official snapshot fields.
AS-P0009-009	EX-P0009-001	ST-P0009-009	C-P0009-009	R-P0009-009	B-P0009-009	GSM3729085	SAMN11457902	SRS4645910	SRX5706510	Capture-C-prometa-rep3	GSM3729085	Mus musculus	10090	G1E-ER4 cells	GPL19057	WT	prometaphase	NR	yes	study_generated	study_generated	study_generated	primary_analysis	E-P0009-003|E-P0009-004|E-P0009-005	mapped	2	E-P0009-003|E-P0009-004|E-P0009-005	GEO→BioSample/SRX/SRR and ENA FASTQ links are joined only through official snapshot fields.
AS-P0009-010	EX-P0009-001	ST-P0009-010	C-P0009-010	R-P0009-010	B-P0009-010	GSM3729086	SAMN11457901	SRS4645911	SRX5706511	Capture-C-ana.telo-rep3	GSM3729086	Mus musculus	10090	G1E-ER4 cells	GPL19057	WT	ana/telophase	NR	yes	study_generated	study_generated	study_generated	primary_analysis	E-P0009-003|E-P0009-004|E-P0009-005	mapped	2	E-P0009-003|E-P0009-004|E-P0009-005	GEO→BioSample/SRX/SRR and ENA FASTQ links are joined only through official snapshot fields.
AS-P0009-011	EX-P0009-001	ST-P0009-011	C-P0009-011	R-P0009-011	B-P0009-011	GSM3729087	SAMN11457900	SRS4645912	SRX5706512	Capture-C-early-G1-rep3	GSM3729087	Mus musculus	10090	G1E-ER4 cells	GPL19057	WT	early G1	NR	yes	study_generated	study_generated	study_generated	primary_analysis	E-P0009-003|E-P0009-004|E-P0009-005	mapped	2	E-P0009-003|E-P0009-004|E-P0009-005	GEO→BioSample/SRX/SRR and ENA FASTQ links are joined only through official snapshot fields.
AS-P0009-012	EX-P0009-001	ST-P0009-012	C-P0009-012	R-P0009-012	B-P0009-012	GSM3729088	SAMN11457899	SRS4645913	SRX5706513	Capture-C-mid-G1-rep3	GSM3729088	Mus musculus	10090	G1E-ER4 cells	GPL19057	WT	mid G1	NR	yes	study_generated	study_generated	study_generated	primary_analysis	E-P0009-003|E-P0009-004|E-P0009-005	mapped	2	E-P0009-003|E-P0009-004|E-P0009-005	GEO→BioSample/SRX/SRR and ENA FASTQ links are joined only through official snapshot fields.
AS-P0009-013	EX-P0009-001	ST-P0009-013	C-P0009-013	R-P0009-013	B-P0009-013	GSM3729089	SAMN11457898	SRS4645914	SRX5706514	Hi-C-prometa-rep1	GSM3729089	Mus musculus	10090	G1E-ER4 cells	GPL19057	WT	prometaphase	NR	yes	study_generated	study_generated	study_generated	primary_analysis	E-P0009-003|E-P0009-004|E-P0009-005	mapped	3	E-P0009-003|E-P0009-004|E-P0009-005	GEO→BioSample/SRX/SRR and ENA FASTQ links are joined only through official snapshot fields.
AS-P0009-014	EX-P0009-001	ST-P0009-014	C-P0009-014	R-P0009-014	B-P0009-014	GSM3729090	SAMN11457897	SRS4645915	SRX5706515	Hi-C-prometa-rep2	GSM3729090	Mus musculus	10090	G1E-ER4 cells	GPL19057	WT	prometaphase	NR	yes	study_generated	study_generated	study_generated	primary_analysis	E-P0009-003|E-P0009-004|E-P0009-005	mapped	4	E-P0009-003|E-P0009-004|E-P0009-005	GEO→BioSample/SRX/SRR and ENA FASTQ links are joined only through official snapshot fields.
AS-P0009-015	EX-P0009-001	ST-P0009-015	C-P0009-015	R-P0009-015	B-P0009-015	GSM3729091	SAMN11457896	SRS4645918	SRX5706516	Hi-C-ana.telo-rep1	GSM3729091	Mus musculus	10090	G1E-ER4 cells	GPL19057	WT	ana/telophase	NR	yes	study_generated	study_generated	study_generated	primary_analysis	E-P0009-003|E-P0009-004|E-P0009-005	mapped	3	E-P0009-003|E-P0009-004|E-P0009-005	GEO→BioSample/SRX/SRR and ENA FASTQ links are joined only through official snapshot fields.
AS-P0009-016	EX-P0009-001	ST-P0009-016	C-P0009-016	R-P0009-016	B-P0009-016	GSM3729092	SAMN11457895	SRS4645916	SRX5706517	Hi-C-ana.telo-rep2	GSM3729092	Mus musculus	10090	G1E-ER4 cells	GPL19057	WT	ana/telophase	NR	yes	study_generated	study_generated	study_generated	primary_analysis	E-P0009-003|E-P0009-004|E-P0009-005	mapped	4	E-P0009-003|E-P0009-004|E-P0009-005	GEO→BioSample/SRX/SRR and ENA FASTQ links are joined only through official snapshot fields.
AS-P0009-017	EX-P0009-001	ST-P0009-017	C-P0009-017	R-P0009-017	B-P0009-017	GSM3729093	SAMN11457894	SRS4645917	SRX5706518	Hi-C-early-G1-rep1	GSM3729093	Mus musculus	10090	G1E-ER4 cells	GPL19057	WT	early G1	NR	yes	study_generated	study_generated	study_generated	primary_analysis	E-P0009-003|E-P0009-004|E-P0009-005	mapped	3	E-P0009-003|E-P0009-004|E-P0009-005	GEO→BioSample/SRX/SRR and ENA FASTQ links are joined only through official snapshot fields.
AS-P0009-018	EX-P0009-001	ST-P0009-018	C-P0009-018	R-P0009-018	B-P0009-018	GSM3729094	SAMN11457893	SRS4645919	SRX5706519	Hi-C-early-G1-rep2	GSM3729094	Mus musculus	10090	G1E-ER4 cells	GPL19057	WT	early G1	NR	yes	study_generated	study_generated	study_generated	primary_analysis	E-P0009-003|E-P0009-004|E-P0009-005	mapped	4	E-P0009-003|E-P0009-004|E-P0009-005	GEO→BioSample/SRX/SRR and ENA FASTQ links are joined only through official snapshot fields.
AS-P0009-019	EX-P0009-001	ST-P0009-019	C-P0009-019	R-P0009-019	B-P0009-019	GSM3729095	SAMN11457891	SRS4645920	SRX5706520	Hi-C-mid-G1-rep1	GSM3729095	Mus musculus	10090	G1E-ER4 cells	GPL19057	WT	mid G1	NR	yes	study_generated	study_generated	study_generated	primary_analysis	E-P0009-003|E-P0009-004|E-P0009-005	mapped	3	E-P0009-003|E-P0009-004|E-P0009-005	GEO→BioSample/SRX/SRR and ENA FASTQ links are joined only through official snapshot fields.
AS-P0009-020	EX-P0009-001	ST-P0009-020	C-P0009-020	R-P0009-020	B-P0009-020	GSM3729096	SAMN11457889	SRS4645921	SRX5706521	Hi-C-mid-G1-rep2	GSM3729096	Mus musculus	10090	G1E-ER4 cells	GPL19057	WT	mid G1	NR	yes	study_generated	study_generated	study_generated	primary_analysis	E-P0009-003|E-P0009-004|E-P0009-005	mapped	4	E-P0009-003|E-P0009-004|E-P0009-005	GEO→BioSample/SRX/SRR and ENA FASTQ links are joined only through official snapshot fields.
AS-P0009-021	EX-P0009-001	ST-P0009-021	C-P0009-021	R-P0009-021	B-P0009-021	GSM3729097	SAMN11457885	SRS4645922	SRX5706522	Hi-C-late-G1-rep1	GSM3729097	Mus musculus	10090	G1E-ER4 cells	GPL19057	WT	late G1	NR	yes	study_generated	study_generated	study_generated	primary_analysis	E-P0009-003|E-P0009-004|E-P0009-005	mapped	3	E-P0009-003|E-P0009-004|E-P0009-005	GEO→BioSample/SRX/SRR and ENA FASTQ links are joined only through official snapshot fields.
AS-P0009-022	EX-P0009-001	ST-P0009-022	C-P0009-022	R-P0009-022	B-P0009-022	GSM3729098	SAMN11457881	SRS4645923	SRX5706523	Hi-C-late-G1-rep2	GSM3729098	Mus musculus	10090	G1E-ER4 cells	GPL19057	WT	late G1	NR	yes	study_generated	study_generated	study_generated	primary_analysis	E-P0009-003|E-P0009-004|E-P0009-005	mapped	4	E-P0009-003|E-P0009-004|E-P0009-005	GEO→BioSample/SRX/SRR and ENA FASTQ links are joined only through official snapshot fields.
AS-P0009-023	EX-P0009-001	ST-P0009-023	C-P0009-023	R-P0009-023	B-P0009-023	GSM3729099	SAMN11457876	SRS4645924	SRX5706524	ChIP-seq-CTCF-asyn-rep1	GSM3729099	Mus musculus	10090	G1E-ER4 cells	GPL19057	WT	asynchronous	NR	yes	study_generated	study_generated	study_generated	primary_analysis	E-P0009-003|E-P0009-004|E-P0009-005	mapped	1	E-P0009-003|E-P0009-004|E-P0009-005	GEO→BioSample/SRX/SRR and ENA FASTQ links are joined only through official snapshot fields.
AS-P0009-024	EX-P0009-001	ST-P0009-024	C-P0009-024	R-P0009-024	B-P0009-024	GSM3729100	SAMN11457872	SRS4645925	SRX5706525	ChIP-seq-CTCF-asyn-rep2	GSM3729100	Mus musculus	10090	G1E-ER4 cells	GPL19057	WT	asynchronous	NR	yes	study_generated	study_generated	study_generated	primary_analysis	E-P0009-003|E-P0009-004|E-P0009-005	mapped	1	E-P0009-003|E-P0009-004|E-P0009-005	GEO→BioSample/SRX/SRR and ENA FASTQ links are joined only through official snapshot fields.
AS-P0009-025	EX-P0009-001	ST-P0009-025	C-P0009-025	R-P0009-025	B-P0009-025	GSM3729101	SAMN11457867	SRS4645926	SRX5706526	ChIP-seq-CTCF-prometa-rep1	GSM3729101	Mus musculus	10090	G1E-ER4 cells	GPL19057	WT	prometaphase	NR	yes	study_generated	study_generated	study_generated	primary_analysis	E-P0009-003|E-P0009-004|E-P0009-005	mapped	1	E-P0009-003|E-P0009-004|E-P0009-005	GEO→BioSample/SRX/SRR and ENA FASTQ links are joined only through official snapshot fields.
AS-P0009-026	EX-P0009-001	ST-P0009-026	C-P0009-026	R-P0009-026	B-P0009-026	GSM3729102	SAMN11457863	SRS4645927	SRX5706527	ChIP-seq-CTCF-prometa-rep2	GSM3729102	Mus musculus	10090	G1E-ER4 cells	GPL19057	WT	prometaphase	NR	yes	study_generated	study_generated	study_generated	primary_analysis	E-P0009-003|E-P0009-004|E-P0009-005	mapped	1	E-P0009-003|E-P0009-004|E-P0009-005	GEO→BioSample/SRX/SRR and ENA FASTQ links are joined only through official snapshot fields.
AS-P0009-027	EX-P0009-001	ST-P0009-027	C-P0009-027	R-P0009-027	B-P0009-027	GSM3729103	SAMN11457860	SRS4645928	SRX5706528	ChIP-seq-CTCF-prometa-rep3	GSM3729103	Mus musculus	10090	G1E-ER4 cells	GPL19057	WT	prometaphase	NR	yes	study_generated	study_generated	study_generated	primary_analysis	E-P0009-003|E-P0009-004|E-P0009-005	mapped	1	E-P0009-003|E-P0009-004|E-P0009-005	GEO→BioSample/SRX/SRR and ENA FASTQ links are joined only through official snapshot fields.
AS-P0009-028	EX-P0009-001	ST-P0009-028	C-P0009-028	R-P0009-028	B-P0009-028	GSM3729104	SAMN11457857	SRS4645877	SRX5706477	ChIP-seq-CTCF-ana.telo-rep1	GSM3729104	Mus musculus	10090	G1E-ER4 cells	GPL19057	WT	ana/telophase	NR	yes	study_generated	study_generated	study_generated	primary_analysis	E-P0009-003|E-P0009-004|E-P0009-005	mapped	1	E-P0009-003|E-P0009-004|E-P0009-005	GEO→BioSample/SRX/SRR and ENA FASTQ links are joined only through official snapshot fields.
AS-P0009-029	EX-P0009-001	ST-P0009-029	C-P0009-029	R-P0009-029	B-P0009-029	GSM3729105	SAMN11457856	SRS4645878	SRX5706478	ChIP-seq-CTCF-ana.telo-rep2	GSM3729105	Mus musculus	10090	G1E-ER4 cells	GPL19057	WT	ana/telophase	NR	yes	study_generated	study_generated	study_generated	primary_analysis	E-P0009-003|E-P0009-004|E-P0009-005	mapped	1	E-P0009-003|E-P0009-004|E-P0009-005	GEO→BioSample/SRX/SRR and ENA FASTQ links are joined only through official snapshot fields.
AS-P0009-030	EX-P0009-001	ST-P0009-030	C-P0009-030	R-P0009-030	B-P0009-030	GSM3729106	SAMN11457855	SRS4645879	SRX5706479	ChIP-seq-CTCF-early-G1-rep1	GSM3729106	Mus musculus	10090	G1E-ER4 cells	GPL19057	WT	early G1	NR	yes	study_generated	study_generated	study_generated	primary_analysis	E-P0009-003|E-P0009-004|E-P0009-005	mapped	1	E-P0009-003|E-P0009-004|E-P0009-005	GEO→BioSample/SRX/SRR and ENA FASTQ links are joined only through official snapshot fields.
AS-P0009-031	EX-P0009-001	ST-P0009-031	C-P0009-031	R-P0009-031	B-P0009-031	GSM3729107	SAMN11457854	SRS4645880	SRX5706480	ChIP-seq-CTCF-early-G1-rep2	GSM3729107	Mus musculus	10090	G1E-ER4 cells	GPL19057	WT	early G1	NR	yes	study_generated	study_generated	study_generated	primary_analysis	E-P0009-003|E-P0009-004|E-P0009-005	mapped	1	E-P0009-003|E-P0009-004|E-P0009-005	GEO→BioSample/SRX/SRR and ENA FASTQ links are joined only through official snapshot fields.
AS-P0009-032	EX-P0009-001	ST-P0009-032	C-P0009-032	R-P0009-032	B-P0009-032	GSM3729108	SAMN11457853	SRS4645881	SRX5706481	ChIP-seq-CTCF-mid-G1-rep1	GSM3729108	Mus musculus	10090	G1E-ER4 cells	GPL19057	WT	mid G1	NR	yes	study_generated	study_generated	study_generated	primary_analysis	E-P0009-003|E-P0009-004|E-P0009-005	mapped	1	E-P0009-003|E-P0009-004|E-P0009-005	GEO→BioSample/SRX/SRR and ENA FASTQ links are joined only through official snapshot fields.
AS-P0009-033	EX-P0009-001	ST-P0009-033	C-P0009-033	R-P0009-033	B-P0009-033	GSM3729109	SAMN11457852	SRS4645882	SRX5706482	ChIP-seq-CTCF-mid-G1-rep2	GSM3729109	Mus musculus	10090	G1E-ER4 cells	GPL19057	WT	mid G1	NR	yes	study_generated	study_generated	study_generated	primary_analysis	E-P0009-003|E-P0009-004|E-P0009-005	mapped	1	E-P0009-003|E-P0009-004|E-P0009-005	GEO→BioSample/SRX/SRR and ENA FASTQ links are joined only through official snapshot fields.
AS-P0009-034	EX-P0009-001	ST-P0009-034	C-P0009-034	R-P0009-034	B-P0009-034	GSM3729110	SAMN11457851	SRS4645883	SRX5706483	ChIP-seq-CTCF-late-G1-rep1	GSM3729110	Mus musculus	10090	G1E-ER4 cells	GPL19057	WT	late G1	NR	yes	study_generated	study_generated	study_generated	primary_analysis	E-P0009-003|E-P0009-004|E-P0009-005	mapped	1	E-P0009-003|E-P0009-004|E-P0009-005	GEO→BioSample/SRX/SRR and ENA FASTQ links are joined only through official snapshot fields.
AS-P0009-035	EX-P0009-001	ST-P0009-035	C-P0009-035	R-P0009-035	B-P0009-035	GSM3729111	SAMN11457850	SRS4645884	SRX5706484	ChIP-seq-CTCF-late-G1-rep2	GSM3729111	Mus musculus	10090	G1E-ER4 cells	GPL19057	WT	late G1	NR	yes	study_generated	study_generated	study_generated	primary_analysis	E-P0009-003|E-P0009-004|E-P0009-005	mapped	1	E-P0009-003|E-P0009-004|E-P0009-005	GEO→BioSample/SRX/SRR and ENA FASTQ links are joined only through official snapshot fields.
AS-P0009-036	EX-P0009-001	ST-P0009-036	C-P0009-036	R-P0009-036	B-P0009-036	GSM3729112	SAMN11457849	SRS4645885	SRX5706485	ChIP-seq-Rad21-asyn-rep1	GSM3729112	Mus musculus	10090	G1E-ER4 cells	GPL19057	WT	asynchronous	NR	yes	study_generated	study_generated	study_generated	primary_analysis	E-P0009-003|E-P0009-004|E-P0009-005	mapped	1	E-P0009-003|E-P0009-004|E-P0009-005	GEO→BioSample/SRX/SRR and ENA FASTQ links are joined only through official snapshot fields.
AS-P0009-037	EX-P0009-001	ST-P0009-037	C-P0009-037	R-P0009-037	B-P0009-037	GSM3729113	SAMN11457848	SRS4645886	SRX5706486	ChIP-seq-Rad21-asyn-rep2	GSM3729113	Mus musculus	10090	G1E-ER4 cells	GPL19057	WT	asynchronous	NR	yes	study_generated	study_generated	study_generated	primary_analysis	E-P0009-003|E-P0009-004|E-P0009-005	mapped	1	E-P0009-003|E-P0009-004|E-P0009-005	GEO→BioSample/SRX/SRR and ENA FASTQ links are joined only through official snapshot fields.
AS-P0009-038	EX-P0009-001	ST-P0009-038	C-P0009-038	R-P0009-038	B-P0009-038	GSM3729114	SAMN11457847	SRS4645887	SRX5706487	ChIP-seq-Rad21-prometa-rep1	GSM3729114	Mus musculus	10090	G1E-ER4 cells	GPL19057	WT	prometaphase	NR	yes	study_generated	study_generated	study_generated	primary_analysis	E-P0009-003|E-P0009-004|E-P0009-005	mapped	1	E-P0009-003|E-P0009-004|E-P0009-005	GEO→BioSample/SRX/SRR and ENA FASTQ links are joined only through official snapshot fields.
AS-P0009-039	EX-P0009-001	ST-P0009-039	C-P0009-039	R-P0009-039	B-P0009-039	GSM3729115	SAMN11457846	SRS4645888	SRX5706488	ChIP-seq-Rad21-prometa-rep2	GSM3729115	Mus musculus	10090	G1E-ER4 cells	GPL19057	WT	prometaphase	NR	yes	study_generated	study_generated	study_generated	primary_analysis	E-P0009-003|E-P0009-004|E-P0009-005	mapped	1	E-P0009-003|E-P0009-004|E-P0009-005	GEO→BioSample/SRX/SRR and ENA FASTQ links are joined only through official snapshot fields.
AS-P0009-040	EX-P0009-001	ST-P0009-040	C-P0009-040	R-P0009-040	B-P0009-040	GSM3729116	SAMN11457845	SRS4645889	SRX5706489	ChIP-seq-Rad21-ana.telo-rep1	GSM3729116	Mus musculus	10090	G1E-ER4 cells	GPL19057	WT	ana/telophase	NR	yes	study_generated	study_generated	study_generated	primary_analysis	E-P0009-003|E-P0009-004|E-P0009-005	mapped	1	E-P0009-003|E-P0009-004|E-P0009-005	GEO→BioSample/SRX/SRR and ENA FASTQ links are joined only through official snapshot fields.
AS-P0009-041	EX-P0009-001	ST-P0009-041	C-P0009-041	R-P0009-041	B-P0009-041	GSM3729117	SAMN11457844	SRS4645890	SRX5706490	ChIP-seq-Rad21-ana.telo-rep2	GSM3729117	Mus musculus	10090	G1E-ER4 cells	GPL19057	WT	ana/telophase	NR	yes	study_generated	study_generated	study_generated	primary_analysis	E-P0009-003|E-P0009-004|E-P0009-005	mapped	1	E-P0009-003|E-P0009-004|E-P0009-005	GEO→BioSample/SRX/SRR and ENA FASTQ links are joined only through official snapshot fields.
AS-P0009-042	EX-P0009-001	ST-P0009-042	C-P0009-042	R-P0009-042	B-P0009-042	GSM3729118	SAMN11457843	SRS4645891	SRX5706491	ChIP-seq-Rad21-early-G1-rep1	GSM3729118	Mus musculus	10090	G1E-ER4 cells	GPL19057	WT	early G1	NR	yes	study_generated	study_generated	study_generated	primary_analysis	E-P0009-003|E-P0009-004|E-P0009-005	mapped	1	E-P0009-003|E-P0009-004|E-P0009-005	GEO→BioSample/SRX/SRR and ENA FASTQ links are joined only through official snapshot fields.
AS-P0009-043	EX-P0009-001	ST-P0009-043	C-P0009-043	R-P0009-043	B-P0009-043	GSM3729119	SAMN11457842	SRS4645892	SRX5706492	ChIP-seq-Rad21-early-G1-rep2	GSM3729119	Mus musculus	10090	G1E-ER4 cells	GPL19057	WT	early G1	NR	yes	study_generated	study_generated	study_generated	primary_analysis	E-P0009-003|E-P0009-004|E-P0009-005	mapped	1	E-P0009-003|E-P0009-004|E-P0009-005	GEO→BioSample/SRX/SRR and ENA FASTQ links are joined only through official snapshot fields.
AS-P0009-044	EX-P0009-001	ST-P0009-044	C-P0009-044	R-P0009-044	B-P0009-044	GSM3729120	SAMN11457841	SRS4645893	SRX5706493	ChIP-seq-Rad21-mid-G1-rep1	GSM3729120	Mus musculus	10090	G1E-ER4 cells	GPL19057	WT	mid G1	NR	yes	study_generated	study_generated	study_generated	primary_analysis	E-P0009-003|E-P0009-004|E-P0009-005	mapped	1	E-P0009-003|E-P0009-004|E-P0009-005	GEO→BioSample/SRX/SRR and ENA FASTQ links are joined only through official snapshot fields.
AS-P0009-045	EX-P0009-001	ST-P0009-045	C-P0009-045	R-P0009-045	B-P0009-045	GSM3729121	SAMN11457840	SRS4645894	SRX5706494	ChIP-seq-Rad21-mid-G1-rep2	GSM3729121	Mus musculus	10090	G1E-ER4 cells	GPL19057	WT	mid G1	NR	yes	study_generated	study_generated	study_generated	primary_analysis	E-P0009-003|E-P0009-004|E-P0009-005	mapped	1	E-P0009-003|E-P0009-004|E-P0009-005	GEO→BioSample/SRX/SRR and ENA FASTQ links are joined only through official snapshot fields.
AS-P0009-046	EX-P0009-001	ST-P0009-046	C-P0009-046	R-P0009-046	B-P0009-046	GSM3729122	SAMN11457839	SRS4645895	SRX5706495	ChIP-seq-Rad21-late-G1-rep1	GSM3729122	Mus musculus	10090	G1E-ER4 cells	GPL19057	WT	late G1	NR	yes	study_generated	study_generated	study_generated	primary_analysis	E-P0009-003|E-P0009-004|E-P0009-005	mapped	1	E-P0009-003|E-P0009-004|E-P0009-005	GEO→BioSample/SRX/SRR and ENA FASTQ links are joined only through official snapshot fields.
AS-P0009-047	EX-P0009-001	ST-P0009-047	C-P0009-047	R-P0009-047	B-P0009-047	GSM3729123	SAMN11457838	SRS4645896	SRX5706496	ChIP-seq-Rad21-late-G1-rep2	GSM3729123	Mus musculus	10090	G1E-ER4 cells	GPL19057	WT	late G1	NR	yes	study_generated	study_generated	study_generated	primary_analysis	E-P0009-003|E-P0009-004|E-P0009-005	mapped	1	E-P0009-003|E-P0009-004|E-P0009-005	GEO→BioSample/SRX/SRR and ENA FASTQ links are joined only through official snapshot fields.
AS-P0009-048	EX-P0009-001	ST-P0009-048	C-P0009-048	R-P0009-048	B-P0009-048	GSM3729124	SAMN11457837	SRS4645897	SRX5706497	ChIP-seq-input-asyn	GSM3729124	Mus musculus	10090	G1E-ER4 cells	GPL19057	WT	asynchronous	NR	yes	study_generated	study_generated	study_generated	primary_analysis	E-P0009-003|E-P0009-004|E-P0009-005	mapped	1	E-P0009-003|E-P0009-004|E-P0009-005	GEO→BioSample/SRX/SRR and ENA FASTQ links are joined only through official snapshot fields.
AS-P0009-049	EX-P0009-001	ST-P0009-049	C-P0009-049	R-P0009-049	B-P0009-049	GSM3729125	SAMN11457836	SRS4645898	SRX5706498	ChIP-seq-input-prometa	GSM3729125	Mus musculus	10090	G1E-ER4 cells	GPL19057	WT	prometaphase	NR	yes	study_generated	study_generated	study_generated	primary_analysis	E-P0009-003|E-P0009-004|E-P0009-005	mapped	1	E-P0009-003|E-P0009-004|E-P0009-005	GEO→BioSample/SRX/SRR and ENA FASTQ links are joined only through official snapshot fields.
AS-P0009-050	EX-P0009-001	ST-P0009-050	C-P0009-050	R-P0009-050	B-P0009-050	GSM3729126	SAMN11457835	SRS4645899	SRX5706499	ChIP-seq-input-ana.telo	GSM3729126	Mus musculus	10090	G1E-ER4 cells	GPL19057	WT	ana/telophase	NR	yes	study_generated	study_generated	study_generated	primary_analysis	E-P0009-003|E-P0009-004|E-P0009-005	mapped	1	E-P0009-003|E-P0009-004|E-P0009-005	GEO→BioSample/SRX/SRR and ENA FASTQ links are joined only through official snapshot fields.
AS-P0009-051	EX-P0009-001	ST-P0009-051	C-P0009-051	R-P0009-051	B-P0009-051	GSM3729127	SAMN11457834	SRS4645900	SRX5706500	ChIP-seq-input-early-G1	GSM3729127	Mus musculus	10090	G1E-ER4 cells	GPL19057	WT	early G1	NR	yes	study_generated	study_generated	study_generated	primary_analysis	E-P0009-003|E-P0009-004|E-P0009-005	mapped	1	E-P0009-003|E-P0009-004|E-P0009-005	GEO→BioSample/SRX/SRR and ENA FASTQ links are joined only through official snapshot fields.
AS-P0009-052	EX-P0009-001	ST-P0009-052	C-P0009-052	R-P0009-052	B-P0009-052	GSM3729128	SAMN11457833	SRS4645903	SRX5706501	ChIP-seq-input-mid-G1	GSM3729128	Mus musculus	10090	G1E-ER4 cells	GPL19057	WT	mid G1	NR	yes	study_generated	study_generated	study_generated	primary_analysis	E-P0009-003|E-P0009-004|E-P0009-005	mapped	1	E-P0009-003|E-P0009-004|E-P0009-005	GEO→BioSample/SRX/SRR and ENA FASTQ links are joined only through official snapshot fields.
AS-P0009-053	EX-P0009-001	ST-P0009-053	C-P0009-053	R-P0009-053	B-P0009-053	GSM3729129	SAMN11457832	SRS4645901	SRX5706502	ChIP-seq-input-late-G1	GSM3729129	Mus musculus	10090	G1E-ER4 cells	GPL19057	WT	late G1	NR	yes	study_generated	study_generated	study_generated	primary_analysis	E-P0009-003|E-P0009-004|E-P0009-005	mapped	1	E-P0009-003|E-P0009-004|E-P0009-005	GEO→BioSample/SRX/SRR and ENA FASTQ links are joined only through official snapshot fields.
AS-P0009-054	EX-P0009-001	ST-P0009-054	C-P0009-054	R-P0009-054	B-P0009-054	GSM4038942	SAMN12601385	SRS5291878	SRX6741010	Capture-C-commd3_mutant_prometa-rep1	GSM4038942	Mus musculus	10090	G1E-ER4 cells	GPL19057	commd3_mutant	prometaphase	NR	yes	study_generated	study_generated	study_generated	primary_analysis	E-P0009-003|E-P0009-004|E-P0009-005	mapped	2	E-P0009-003|E-P0009-004|E-P0009-005	GEO→BioSample/SRX/SRR and ENA FASTQ links are joined only through official snapshot fields.
AS-P0009-055	EX-P0009-001	ST-P0009-055	C-P0009-055	R-P0009-055	B-P0009-055	GSM4038943	SAMN12601383	SRS5291879	SRX6741011	Capture-C-commd3_mutant_ana.telo-rep1	GSM4038943	Mus musculus	10090	G1E-ER4 cells	GPL19057	commd3_mutant	ana/telophase	NR	yes	study_generated	study_generated	study_generated	primary_analysis	E-P0009-003|E-P0009-004|E-P0009-005	mapped	2	E-P0009-003|E-P0009-004|E-P0009-005	GEO→BioSample/SRX/SRR and ENA FASTQ links are joined only through official snapshot fields.
AS-P0009-056	EX-P0009-001	ST-P0009-056	C-P0009-056	R-P0009-056	B-P0009-056	GSM4038944	SAMN12601381	SRS5291880	SRX6741012	Capture-C-commd3_mutant_early-G1-rep1	GSM4038944	Mus musculus	10090	G1E-ER4 cells	GPL19057	commd3_mutant	early G1	NR	yes	study_generated	study_generated	study_generated	primary_analysis	E-P0009-003|E-P0009-004|E-P0009-005	mapped	2	E-P0009-003|E-P0009-004|E-P0009-005	GEO→BioSample/SRX/SRR and ENA FASTQ links are joined only through official snapshot fields.
AS-P0009-057	EX-P0009-001	ST-P0009-057	C-P0009-057	R-P0009-057	B-P0009-057	GSM4038945	SAMN12601380	SRS5291881	SRX6741013	Capture-C-commd3_mutant_mid-G1-rep1	GSM4038945	Mus musculus	10090	G1E-ER4 cells	GPL19057	commd3_mutant	mid G1	NR	yes	study_generated	study_generated	study_generated	primary_analysis	E-P0009-003|E-P0009-004|E-P0009-005	mapped	2	E-P0009-003|E-P0009-004|E-P0009-005	GEO→BioSample/SRX/SRR and ENA FASTQ links are joined only through official snapshot fields.
AS-P0009-058	EX-P0009-001	ST-P0009-058	C-P0009-058	R-P0009-058	B-P0009-058	GSM4038946	SAMN12601379	SRS5291882	SRX6741014	Capture-C-commd3_mutant_prometa-rep2	GSM4038946	Mus musculus	10090	G1E-ER4 cells	GPL19057	commd3_mutant	prometaphase	NR	yes	study_generated	study_generated	study_generated	primary_analysis	E-P0009-003|E-P0009-004|E-P0009-005	mapped	2	E-P0009-003|E-P0009-004|E-P0009-005	GEO→BioSample/SRX/SRR and ENA FASTQ links are joined only through official snapshot fields.
AS-P0009-059	EX-P0009-001	ST-P0009-059	C-P0009-059	R-P0009-059	B-P0009-059	GSM4038947	SAMN12601378	SRS5291883	SRX6741015	Capture-C-commd3_mutant_ana.telo-rep2	GSM4038947	Mus musculus	10090	G1E-ER4 cells	GPL19057	commd3_mutant	ana/telophase	NR	yes	study_generated	study_generated	study_generated	primary_analysis	E-P0009-003|E-P0009-004|E-P0009-005	mapped	2	E-P0009-003|E-P0009-004|E-P0009-005	GEO→BioSample/SRX/SRR and ENA FASTQ links are joined only through official snapshot fields.
AS-P0009-060	EX-P0009-001	ST-P0009-060	C-P0009-060	R-P0009-060	B-P0009-060	GSM4038948	SAMN12601377	SRS5291884	SRX6741016	Capture-C-commd3_mutant_early-G1-rep2	GSM4038948	Mus musculus	10090	G1E-ER4 cells	GPL19057	commd3_mutant	early G1	NR	yes	study_generated	study_generated	study_generated	primary_analysis	E-P0009-003|E-P0009-004|E-P0009-005	mapped	2	E-P0009-003|E-P0009-004|E-P0009-005	GEO→BioSample/SRX/SRR and ENA FASTQ links are joined only through official snapshot fields.
AS-P0009-061	EX-P0009-001	ST-P0009-061	C-P0009-061	R-P0009-061	B-P0009-061	GSM4038949	SAMN12601376	SRS5291885	SRX6741017	Capture-C-commd3_mutant_mid-G1-rep2	GSM4038949	Mus musculus	10090	G1E-ER4 cells	GPL19057	commd3_mutant	mid G1	NR	yes	study_generated	study_generated	study_generated	primary_analysis	E-P0009-003|E-P0009-004|E-P0009-005	mapped	2	E-P0009-003|E-P0009-004|E-P0009-005	GEO→BioSample/SRX/SRR and ENA FASTQ links are joined only through official snapshot fields.
AS-P0009-062	EX-P0009-001	ST-P0009-062	C-P0009-062	R-P0009-062	B-P0009-062	GSM4038950	SAMN12601375	SRS5291886	SRX6741018	ChIP-seq-PolII-prometa-rep1	GSM4038950	Mus musculus	10090	G1E-ER4 cells	GPL19057	WT	prometaphase	NR	yes	study_generated	study_generated	study_generated	primary_analysis	E-P0009-003|E-P0009-004|E-P0009-005	mapped	1	E-P0009-003|E-P0009-004|E-P0009-005	GEO→BioSample/SRX/SRR and ENA FASTQ links are joined only through official snapshot fields.
AS-P0009-063	EX-P0009-001	ST-P0009-063	C-P0009-063	R-P0009-063	B-P0009-063	GSM4038951	SAMN12601374	SRS5291887	SRX6741019	ChIP-seq-PolII-prometa-rep2	GSM4038951	Mus musculus	10090	G1E-ER4 cells	GPL19057	WT	prometaphase	NR	yes	study_generated	study_generated	study_generated	primary_analysis	E-P0009-003|E-P0009-004|E-P0009-005	mapped	1	E-P0009-003|E-P0009-004|E-P0009-005	GEO→BioSample/SRX/SRR and ENA FASTQ links are joined only through official snapshot fields.
AS-P0009-064	EX-P0009-001	ST-P0009-064	C-P0009-064	R-P0009-064	B-P0009-064	GSM4038952	SAMN12601373	SRS5291888	SRX6741020	ChIP-seq-PolII-anatelo-rep1	GSM4038952	Mus musculus	10090	G1E-ER4 cells	GPL19057	WT	ana/telophase	NR	yes	study_generated	study_generated	study_generated	primary_analysis	E-P0009-003|E-P0009-004|E-P0009-005	mapped	1	E-P0009-003|E-P0009-004|E-P0009-005	GEO→BioSample/SRX/SRR and ENA FASTQ links are joined only through official snapshot fields.
AS-P0009-065	EX-P0009-001	ST-P0009-065	C-P0009-065	R-P0009-065	B-P0009-065	GSM4038953	SAMN12601372	SRS5291889	SRX6741021	ChIP-seq-PolII-anatelo-rep2	GSM4038953	Mus musculus	10090	G1E-ER4 cells	GPL19057	WT	ana/telophase	NR	yes	study_generated	study_generated	study_generated	primary_analysis	E-P0009-003|E-P0009-004|E-P0009-005	mapped	1	E-P0009-003|E-P0009-004|E-P0009-005	GEO→BioSample/SRX/SRR and ENA FASTQ links are joined only through official snapshot fields.
AS-P0009-066	EX-P0009-001	ST-P0009-066	C-P0009-066	R-P0009-066	B-P0009-066	GSM4038954	SAMN12601371	SRS5291890	SRX6741022	ChIP-seq-PolII-anatelo-rep3	GSM4038954	Mus musculus	10090	G1E-ER4 cells	GPL19057	WT	ana/telophase	NR	yes	study_generated	study_generated	study_generated	primary_analysis	E-P0009-003|E-P0009-004|E-P0009-005	mapped	1	E-P0009-003|E-P0009-004|E-P0009-005	GEO→BioSample/SRX/SRR and ENA FASTQ links are joined only through official snapshot fields.
AS-P0009-067	EX-P0009-001	ST-P0009-067	C-P0009-067	R-P0009-067	B-P0009-067	GSM4038955	SAMN12601370	SRS5291891	SRX6741023	ChIP-seq-PolII-early-g1-rep1	GSM4038955	Mus musculus	10090	G1E-ER4 cells	GPL19057	WT	early G1	NR	yes	study_generated	study_generated	study_generated	primary_analysis	E-P0009-003|E-P0009-004|E-P0009-005	mapped	1	E-P0009-003|E-P0009-004|E-P0009-005	GEO→BioSample/SRX/SRR and ENA FASTQ links are joined only through official snapshot fields.
AS-P0009-068	EX-P0009-001	ST-P0009-068	C-P0009-068	R-P0009-068	B-P0009-068	GSM4038956	SAMN12601369	SRS5291892	SRX6741024	ChIP-seq-PolII-early-g1-rep2	GSM4038956	Mus musculus	10090	G1E-ER4 cells	GPL19057	WT	early G1	NR	yes	study_generated	study_generated	study_generated	primary_analysis	E-P0009-003|E-P0009-004|E-P0009-005	mapped	1	E-P0009-003|E-P0009-004|E-P0009-005	GEO→BioSample/SRX/SRR and ENA FASTQ links are joined only through official snapshot fields.
AS-P0009-069	EX-P0009-001	ST-P0009-069	C-P0009-069	R-P0009-069	B-P0009-069	GSM4038957	SAMN12601392	SRS5291893	SRX6741025	ChIP-seq-PolII-early-g1-rep3	GSM4038957	Mus musculus	10090	G1E-ER4 cells	GPL19057	WT	early G1	NR	yes	study_generated	study_generated	study_generated	primary_analysis	E-P0009-003|E-P0009-004|E-P0009-005	mapped	1	E-P0009-003|E-P0009-004|E-P0009-005	GEO→BioSample/SRX/SRR and ENA FASTQ links are joined only through official snapshot fields.
AS-P0009-070	EX-P0009-001	ST-P0009-070	C-P0009-070	R-P0009-070	B-P0009-070	GSM4038958	SAMN12601391	SRS5291894	SRX6741026	ChIP-seq-PolII-mid-g1-rep1	GSM4038958	Mus musculus	10090	G1E-ER4 cells	GPL19057	WT	mid G1	NR	yes	study_generated	study_generated	study_generated	primary_analysis	E-P0009-003|E-P0009-004|E-P0009-005	mapped	1	E-P0009-003|E-P0009-004|E-P0009-005	GEO→BioSample/SRX/SRR and ENA FASTQ links are joined only through official snapshot fields.
AS-P0009-071	EX-P0009-001	ST-P0009-071	C-P0009-071	R-P0009-071	B-P0009-071	GSM4038959	SAMN12601390	SRS5291895	SRX6741027	ChIP-seq-PolII-mid-g1-rep2	GSM4038959	Mus musculus	10090	G1E-ER4 cells	GPL19057	WT	mid G1	NR	yes	study_generated	study_generated	study_generated	primary_analysis	E-P0009-003|E-P0009-004|E-P0009-005	mapped	1	E-P0009-003|E-P0009-004|E-P0009-005	GEO→BioSample/SRX/SRR and ENA FASTQ links are joined only through official snapshot fields.
AS-P0009-072	EX-P0009-001	ST-P0009-072	C-P0009-072	R-P0009-072	B-P0009-072	GSM4038960	SAMN12601389	SRS5291896	SRX6741028	ChIP-seq-PolII-mid-g1-rep3	GSM4038960	Mus musculus	10090	G1E-ER4 cells	GPL19057	WT	mid G1	NR	yes	study_generated	study_generated	study_generated	primary_analysis	E-P0009-003|E-P0009-004|E-P0009-005	mapped	1	E-P0009-003|E-P0009-004|E-P0009-005	GEO→BioSample/SRX/SRR and ENA FASTQ links are joined only through official snapshot fields.
AS-P0009-073	EX-P0009-001	ST-P0009-073	C-P0009-073	R-P0009-073	B-P0009-073	GSM4038961	SAMN12601388	SRS5291897	SRX6741029	ChIP-seq-PolII-late-g1-rep1	GSM4038961	Mus musculus	10090	G1E-ER4 cells	GPL19057	WT	late G1	NR	yes	study_generated	study_generated	study_generated	primary_analysis	E-P0009-003|E-P0009-004|E-P0009-005	mapped	1	E-P0009-003|E-P0009-004|E-P0009-005	GEO→BioSample/SRX/SRR and ENA FASTQ links are joined only through official snapshot fields.
AS-P0009-074	EX-P0009-001	ST-P0009-074	C-P0009-074	R-P0009-074	B-P0009-074	GSM4038962	SAMN12601387	SRS5291898	SRX6741030	ChIP-seq-PolII-late-g1-rep2	GSM4038962	Mus musculus	10090	G1E-ER4 cells	GPL19057	WT	late G1	NR	yes	study_generated	study_generated	study_generated	primary_analysis	E-P0009-003|E-P0009-004|E-P0009-005	mapped	1	E-P0009-003|E-P0009-004|E-P0009-005	GEO→BioSample/SRX/SRR and ENA FASTQ links are joined only through official snapshot fields.
AS-P0009-075	EX-P0009-001	ST-P0009-075	C-P0009-075	R-P0009-075	B-P0009-075	GSM4038963	SAMN12601386	SRS5291899	SRX6741031	ChIP-seq-PolII-late-g1-rep3	GSM4038963	Mus musculus	10090	G1E-ER4 cells	GPL19057	WT	late G1	NR	yes	study_generated	study_generated	study_generated	primary_analysis	E-P0009-003|E-P0009-004|E-P0009-005	mapped	1	E-P0009-003|E-P0009-004|E-P0009-005	GEO→BioSample/SRX/SRR and ENA FASTQ links are joined only through official snapshot fields.
AS-P0012-001	EX-P0012-001	ST-P0012-001	C-P0012-001	R-P0012-001	B-P0012-001	GSM5133011	SAMN18128743	SRS8371863	SRX10229669	polii_0h_no_A.rep1	GSM5133011	Mus musculus	10090	G1E-ER4 cells	GPL19057	G1E-ER4 CTCF-AID-mCherry	prometaphase	GSE168168	yes	study_generated	study_generated	study_generated	primary_analysis	E-P0012-001|E-P0012-003|E-P0012-004	mapped	1	E-P0012-003|E-P0012-004	GEO sample matched to ENA runs by sample_alias/GSM.
AS-P0012-002	EX-P0012-001	ST-P0012-002	C-P0012-002	R-P0012-002	B-P0012-002	GSM5133012	SAMN18128742	SRS8371862	SRX10229670	polii_0h_no_A.rep2	GSM5133012	Mus musculus	10090	G1E-ER4 cells	GPL19057	G1E-ER4 CTCF-AID-mCherry	prometaphase	GSE168168	yes	study_generated	study_generated	study_generated	primary_analysis	E-P0012-001|E-P0012-003|E-P0012-004	mapped	1	E-P0012-003|E-P0012-004	GEO sample matched to ENA runs by sample_alias/GSM.
AS-P0012-003	EX-P0012-001	ST-P0012-003	C-P0012-003	R-P0012-003	B-P0012-003	GSM5133013	SAMN18128741	SRS8371865	SRX10229671	polii_0h_with_A.rep1	GSM5133013	Mus musculus	10090	G1E-ER4 cells	GPL19057	G1E-ER4 CTCF-AID-mCherry	prometaphase	GSE168168	yes	study_generated	study_generated	study_generated	primary_analysis	E-P0012-001|E-P0012-003|E-P0012-004	mapped	1	E-P0012-003|E-P0012-004	GEO sample matched to ENA runs by sample_alias/GSM.
AS-P0012-004	EX-P0012-001	ST-P0012-004	C-P0012-004	R-P0012-004	B-P0012-004	GSM5133014	SAMN18128740	SRS8371864	SRX10229672	polii_0h_with_A.rep2	GSM5133014	Mus musculus	10090	G1E-ER4 cells	GPL19057	G1E-ER4 CTCF-AID-mCherry	prometaphase	GSE168168	yes	study_generated	study_generated	study_generated	primary_analysis	E-P0012-001|E-P0012-003|E-P0012-004	mapped	1	E-P0012-003|E-P0012-004	GEO sample matched to ENA runs by sample_alias/GSM.
AS-P0012-005	EX-P0012-001	ST-P0012-005	C-P0012-005	R-P0012-005	B-P0012-005	GSM5133016	SAMN18128739	SRS8371866	SRX10229673	polii_1h_no_A.rep1	GSM5133016	Mus musculus	10090	G1E-ER4 cells	GPL19057	G1E-ER4 CTCF-AID-mCherry	early G1	GSE168168	yes	study_generated	study_generated	study_generated	primary_analysis	E-P0012-001|E-P0012-003|E-P0012-004	mapped	1	E-P0012-003|E-P0012-004	GEO sample matched to ENA runs by sample_alias/GSM.
AS-P0012-006	EX-P0012-001	ST-P0012-006	C-P0012-006	R-P0012-006	B-P0012-006	GSM5133017	SAMN18128738	SRS8371867	SRX10229674	polii_1h_no_A.rep2	GSM5133017	Mus musculus	10090	G1E-ER4 cells	GPL19057	G1E-ER4 CTCF-AID-mCherry	early G1	GSE168168	yes	study_generated	study_generated	study_generated	primary_analysis	E-P0012-001|E-P0012-003|E-P0012-004	mapped	1	E-P0012-003|E-P0012-004	GEO sample matched to ENA runs by sample_alias/GSM.
AS-P0012-007	EX-P0012-001	ST-P0012-007	C-P0012-007	R-P0012-007	B-P0012-007	GSM5133018	SAMN18128737	SRS8371869	SRX10229675	polii_1h_with_A.rep1	GSM5133018	Mus musculus	10090	G1E-ER4 cells	GPL19057	G1E-ER4 CTCF-AID-mCherry	early G1	GSE168168	yes	study_generated	study_generated	study_generated	primary_analysis	E-P0012-001|E-P0012-003|E-P0012-004	mapped	1	E-P0012-003|E-P0012-004	GEO sample matched to ENA runs by sample_alias/GSM.
AS-P0012-008	EX-P0012-001	ST-P0012-008	C-P0012-008	R-P0012-008	B-P0012-008	GSM5133019	SAMN18128736	SRS8371868	SRX10229676	polii_1h_with_A.rep2	GSM5133019	Mus musculus	10090	G1E-ER4 cells	GPL19057	G1E-ER4 CTCF-AID-mCherry	early G1	GSE168168	yes	study_generated	study_generated	study_generated	primary_analysis	E-P0012-001|E-P0012-003|E-P0012-004	mapped	1	E-P0012-003|E-P0012-004	GEO sample matched to ENA runs by sample_alias/GSM.
AS-P0012-009	EX-P0012-001	ST-P0012-009	C-P0012-009	R-P0012-009	B-P0012-009	GSM5133020	SAMN18128735	SRS8371870	SRX10229677	polii_2h_no_A.rep1	GSM5133020	Mus musculus	10090	G1E-ER4 cells	GPL19057	G1E-ER4 CTCF-AID-mCherry	mid G1	GSE168168	yes	study_generated	study_generated	study_generated	primary_analysis	E-P0012-001|E-P0012-003|E-P0012-004	mapped	1	E-P0012-003|E-P0012-004	GEO sample matched to ENA runs by sample_alias/GSM.
AS-P0012-010	EX-P0012-001	ST-P0012-010	C-P0012-010	R-P0012-010	B-P0012-010	GSM5133022	SAMN18128734	SRS8371871	SRX10229678	polii_2h_no_A.rep2	GSM5133022	Mus musculus	10090	G1E-ER4 cells	GPL19057	G1E-ER4 CTCF-AID-mCherry	mid G1	GSE168168	yes	study_generated	study_generated	study_generated	primary_analysis	E-P0012-001|E-P0012-003|E-P0012-004	mapped	1	E-P0012-003|E-P0012-004	GEO sample matched to ENA runs by sample_alias/GSM.
AS-P0012-011	EX-P0012-001	ST-P0012-011	C-P0012-011	R-P0012-011	B-P0012-011	GSM5133023	SAMN18128729	SRS8371872	SRX10229679	polii_2h_no_A.rep3	GSM5133023	Mus musculus	10090	G1E-ER4 cells	GPL19057	G1E-ER4 CTCF-AID-mCherry	mid G1	GSE168168	yes	study_generated	study_generated	study_generated	primary_analysis	E-P0012-001|E-P0012-003|E-P0012-004	mapped	1	E-P0012-003|E-P0012-004	GEO sample matched to ENA runs by sample_alias/GSM.
AS-P0012-012	EX-P0012-001	ST-P0012-012	C-P0012-012	R-P0012-012	B-P0012-012	GSM5133024	SAMN18128733	SRS8371873	SRX10229680	polii_2h_with_A.rep1	GSM5133024	Mus musculus	10090	G1E-ER4 cells	GPL19057	G1E-ER4 CTCF-AID-mCherry	mid G1	GSE168168	yes	study_generated	study_generated	study_generated	primary_analysis	E-P0012-001|E-P0012-003|E-P0012-004	mapped	1	E-P0012-003|E-P0012-004	GEO sample matched to ENA runs by sample_alias/GSM.
AS-P0012-013	EX-P0012-001	ST-P0012-013	C-P0012-013	R-P0012-013	B-P0012-013	GSM5133025	SAMN18128732	SRS8371874	SRX10229681	polii_2h_with_A.rep2	GSM5133025	Mus musculus	10090	G1E-ER4 cells	GPL19057	G1E-ER4 CTCF-AID-mCherry	mid G1	GSE168168	yes	study_generated	study_generated	study_generated	primary_analysis	E-P0012-001|E-P0012-003|E-P0012-004	mapped	1	E-P0012-003|E-P0012-004	GEO sample matched to ENA runs by sample_alias/GSM.
AS-P0012-014	EX-P0012-001	ST-P0012-014	C-P0012-014	R-P0012-014	B-P0012-014	GSM5133027	SAMN18128731	SRS8371875	SRX10229682	polii_2h_with_A.rep3	GSM5133027	Mus musculus	10090	G1E-ER4 cells	GPL19057	G1E-ER4 CTCF-AID-mCherry	mid G1	GSE168168	yes	study_generated	study_generated	study_generated	primary_analysis	E-P0012-001|E-P0012-003|E-P0012-004	mapped	1	E-P0012-003|E-P0012-004	GEO sample matched to ENA runs by sample_alias/GSM.
AS-P0012-015	EX-P0012-001	ST-P0012-015	C-P0012-015	R-P0012-015	B-P0012-015	GSM5133028	SAMN18128730	SRS8371876	SRX10229683	polii_4h_no_A.rep2	GSM5133028	Mus musculus	10090	G1E-ER4 cells	GPL19057	G1E-ER4 CTCF-AID-mCherry	late G1	GSE168168	yes	study_generated	study_generated	study_generated	primary_analysis	E-P0012-001|E-P0012-003|E-P0012-004	mapped	1	E-P0012-003|E-P0012-004	GEO sample matched to ENA runs by sample_alias/GSM.
AS-P0012-016	EX-P0012-001	ST-P0012-016	C-P0012-016	R-P0012-016	B-P0012-016	GSM5133030	SAMN18128728	SRS8371879	SRX10229684	polii_4h_no_A.rep3	GSM5133030	Mus musculus	10090	G1E-ER4 cells	GPL19057	G1E-ER4 CTCF-AID-mCherry	late G1	GSE168168	yes	study_generated	study_generated	study_generated	primary_analysis	E-P0012-001|E-P0012-003|E-P0012-004	mapped	1	E-P0012-003|E-P0012-004	GEO sample matched to ENA runs by sample_alias/GSM.
AS-P0012-017	EX-P0012-001	ST-P0012-017	C-P0012-017	R-P0012-017	B-P0012-017	GSM5133031	SAMN18128727	SRS8371878	SRX10229685	polii_4h_with_A.rep1	GSM5133031	Mus musculus	10090	G1E-ER4 cells	GPL19057	G1E-ER4 CTCF-AID-mCherry	late G1	GSE168168	yes	study_generated	study_generated	study_generated	primary_analysis	E-P0012-001|E-P0012-003|E-P0012-004	mapped	1	E-P0012-003|E-P0012-004	GEO sample matched to ENA runs by sample_alias/GSM.
AS-P0012-018	EX-P0012-001	ST-P0012-018	C-P0012-018	R-P0012-018	B-P0012-018	GSM5133033	SAMN18128726	SRS8371877	SRX10229686	polii_4h_with_A.rep2	GSM5133033	Mus musculus	10090	G1E-ER4 cells	GPL19057	G1E-ER4 CTCF-AID-mCherry	late G1	GSE168168	yes	study_generated	study_generated	study_generated	primary_analysis	E-P0012-001|E-P0012-003|E-P0012-004	mapped	1	E-P0012-003|E-P0012-004	GEO sample matched to ENA runs by sample_alias/GSM.
AS-P0012-019	EX-P0012-001	ST-P0012-019	C-P0012-019	R-P0012-019	B-P0012-019	GSM5133034	SAMN18128725	SRS8371881	SRX10229687	Input-Noc0h	GSM5133034	Mus musculus	10090	G1E-ER4 cells	GPL19057	G1E-ER4 CTCF-AID-mCherry	prometaphase	GSE168168	yes	study_generated	study_generated	study_generated	primary_analysis	E-P0012-001|E-P0012-003|E-P0012-004	mapped	1	E-P0012-003|E-P0012-004	GEO sample matched to ENA runs by sample_alias/GSM.
AS-P0012-020	EX-P0012-001	ST-P0012-020	C-P0012-020	R-P0012-020	B-P0012-020	GSM5133035	SAMN18128724	SRS8371880	SRX10229688	Input-Noc1h	GSM5133035	Mus musculus	10090	G1E-ER4 cells	GPL19057	G1E-ER4 CTCF-AID-mCherry	early G1	GSE168168	yes	study_generated	study_generated	study_generated	primary_analysis	E-P0012-001|E-P0012-003|E-P0012-004	mapped	1	E-P0012-003|E-P0012-004	GEO sample matched to ENA runs by sample_alias/GSM.
AS-P0012-021	EX-P0012-001	ST-P0012-021	C-P0012-021	R-P0012-021	B-P0012-021	GSM5133036	SAMN18128723	SRS8371882	SRX10229689	Input-Noc2h	GSM5133036	Mus musculus	10090	G1E-ER4 cells	GPL19057	G1E-ER4 CTCF-AID-mCherry	mid G1	GSE168168	yes	study_generated	study_generated	study_generated	primary_analysis	E-P0012-001|E-P0012-003|E-P0012-004	mapped	1	E-P0012-003|E-P0012-004	GEO sample matched to ENA runs by sample_alias/GSM.
AS-P0012-022	EX-P0012-001	ST-P0012-022	C-P0012-022	R-P0012-022	B-P0012-022	GSM5133038	SAMN18128722	SRS8371883	SRX10229690	Input-Noc4h	GSM5133038	Mus musculus	10090	G1E-ER4 cells	GPL19057	G1E-ER4 CTCF-AID-mCherry	late G1	GSE168168	yes	study_generated	study_generated	study_generated	primary_analysis	E-P0012-001|E-P0012-003|E-P0012-004	mapped	1	E-P0012-003|E-P0012-004	GEO sample matched to ENA runs by sample_alias/GSM.
AS-P0012-023	EX-P0012-001	ST-P0012-023	C-P0012-023	R-P0012-023	B-P0012-023	GSM5133376	SAMN18140095	SRS8380795	SRX10239381	0h_no_auxin_rep1	GSM5133376	Mus musculus	10090	G1E-ER4 cells	GPL19057	G1E-ER4 CTCF-AID-mCherry	prometaphase	GSE168176	yes	study_generated	study_generated	study_generated	primary_analysis	E-P0012-001|E-P0012-003|E-P0012-004	mapped	3	E-P0012-003|E-P0012-004	GEO sample matched to ENA runs by sample_alias/GSM.
AS-P0012-024	EX-P0012-001	ST-P0012-024	C-P0012-024	R-P0012-024	B-P0012-024	GSM5133377	SAMN18140094	SRS8380796	SRX10239382	0h_no_auxin_rep2	GSM5133377	Mus musculus	10090	G1E-ER4 cells	GPL19057	G1E-ER4 CTCF-AID-mCherry	prometaphase	GSE168176	yes	study_generated	study_generated	study_generated	primary_analysis	E-P0012-001|E-P0012-003|E-P0012-004	mapped	2	E-P0012-003|E-P0012-004	GEO sample matched to ENA runs by sample_alias/GSM.
AS-P0012-025	EX-P0012-001	ST-P0012-025	C-P0012-025	R-P0012-025	B-P0012-025	GSM5133378	SAMN18140093	SRS8380797	SRX10239383	0h_with_auxin_rep1	GSM5133378	Mus musculus	10090	G1E-ER4 cells	GPL19057	G1E-ER4 CTCF-AID-mCherry	prometaphase	GSE168176	yes	study_generated	study_generated	study_generated	primary_analysis	E-P0012-001|E-P0012-003|E-P0012-004	mapped	3	E-P0012-003|E-P0012-004	GEO sample matched to ENA runs by sample_alias/GSM.
AS-P0012-026	EX-P0012-001	ST-P0012-026	C-P0012-026	R-P0012-026	B-P0012-026	GSM5133379	SAMN18140092	SRS8380798	SRX10239384	0h_with_auxin_rep2	GSM5133379	Mus musculus	10090	G1E-ER4 cells	GPL19057	G1E-ER4 CTCF-AID-mCherry	prometaphase	GSE168176	yes	study_generated	study_generated	study_generated	primary_analysis	E-P0012-001|E-P0012-003|E-P0012-004	mapped	3	E-P0012-003|E-P0012-004	GEO sample matched to ENA runs by sample_alias/GSM.
AS-P0012-027	EX-P0012-001	ST-P0012-027	C-P0012-027	R-P0012-027	B-P0012-027	GSM5133380	SAMN18140091	SRS8380799	SRX10239385	30min_no_auxin_rep1	GSM5133380	Mus musculus	10090	G1E-ER4 cells	GPL19057	G1E-ER4 CTCF-AID-mCherry	UNRESOLVED	GSE168176	yes	study_generated	study_generated	study_generated	primary_analysis	E-P0012-001|E-P0012-003|E-P0012-004	mapped	5	E-P0012-003|E-P0012-004	GEO sample matched to ENA runs by sample_alias/GSM.
AS-P0012-028	EX-P0012-001	ST-P0012-028	C-P0012-028	R-P0012-028	B-P0012-028	GSM5133381	SAMN18140090	SRS8380800	SRX10239386	30min_no_auxin_rep2	GSM5133381	Mus musculus	10090	G1E-ER4 cells	GPL19057	G1E-ER4 CTCF-AID-mCherry	UNRESOLVED	GSE168176	yes	study_generated	study_generated	study_generated	primary_analysis	E-P0012-001|E-P0012-003|E-P0012-004	mapped	5	E-P0012-003|E-P0012-004	GEO sample matched to ENA runs by sample_alias/GSM.
AS-P0012-029	EX-P0012-001	ST-P0012-029	C-P0012-029	R-P0012-029	B-P0012-029	GSM5133382	SAMN18140089	SRS8380801	SRX10239387	30min_with_auxin_rep1	GSM5133382	Mus musculus	10090	G1E-ER4 cells	GPL19057	G1E-ER4 CTCF-AID-mCherry	UNRESOLVED	GSE168176	yes	study_generated	study_generated	study_generated	primary_analysis	E-P0012-001|E-P0012-003|E-P0012-004	mapped	5	E-P0012-003|E-P0012-004	GEO sample matched to ENA runs by sample_alias/GSM.
AS-P0012-030	EX-P0012-001	ST-P0012-030	C-P0012-030	R-P0012-030	B-P0012-030	GSM5133383	SAMN18140110	SRS8380802	SRX10239388	30min_with_auxin_rep2	GSM5133383	Mus musculus	10090	G1E-ER4 cells	GPL19057	G1E-ER4 CTCF-AID-mCherry	UNRESOLVED	GSE168176	yes	study_generated	study_generated	study_generated	primary_analysis	E-P0012-001|E-P0012-003|E-P0012-004	mapped	5	E-P0012-003|E-P0012-004	GEO sample matched to ENA runs by sample_alias/GSM.
AS-P0012-031	EX-P0012-001	ST-P0012-031	C-P0012-031	R-P0012-031	B-P0012-031	GSM5133384	SAMN18140109	SRS8380803	SRX10239389	60min_no_auxin_rep1	GSM5133384	Mus musculus	10090	G1E-ER4 cells	GPL19057	G1E-ER4 CTCF-AID-mCherry	early G1	GSE168176	yes	study_generated	study_generated	study_generated	primary_analysis	E-P0012-001|E-P0012-003|E-P0012-004	mapped	5	E-P0012-003|E-P0012-004	GEO sample matched to ENA runs by sample_alias/GSM.
AS-P0012-032	EX-P0012-001	ST-P0012-032	C-P0012-032	R-P0012-032	B-P0012-032	GSM5133385	SAMN18140108	SRS8380804	SRX10239390	60min_no_auxin_rep2	GSM5133385	Mus musculus	10090	G1E-ER4 cells	GPL19057	G1E-ER4 CTCF-AID-mCherry	early G1	GSE168176	yes	study_generated	study_generated	study_generated	primary_analysis	E-P0012-001|E-P0012-003|E-P0012-004	mapped	5	E-P0012-003|E-P0012-004	GEO sample matched to ENA runs by sample_alias/GSM.
AS-P0012-033	EX-P0012-001	ST-P0012-033	C-P0012-033	R-P0012-033	B-P0012-033	GSM5133386	SAMN18140107	SRS8380805	SRX10239391	60min_with_auxin_rep1	GSM5133386	Mus musculus	10090	G1E-ER4 cells	GPL19057	G1E-ER4 CTCF-AID-mCherry	early G1	GSE168176	yes	study_generated	study_generated	study_generated	primary_analysis	E-P0012-001|E-P0012-003|E-P0012-004	mapped	5	E-P0012-003|E-P0012-004	GEO sample matched to ENA runs by sample_alias/GSM.
AS-P0012-034	EX-P0012-001	ST-P0012-034	C-P0012-034	R-P0012-034	B-P0012-034	GSM5133387	SAMN18140106	SRS8380806	SRX10239392	60min_with_auxin_rep2	GSM5133387	Mus musculus	10090	G1E-ER4 cells	GPL19057	G1E-ER4 CTCF-AID-mCherry	early G1	GSE168176	yes	study_generated	study_generated	study_generated	primary_analysis	E-P0012-001|E-P0012-003|E-P0012-004	mapped	5	E-P0012-003|E-P0012-004	GEO sample matched to ENA runs by sample_alias/GSM.
AS-P0012-035	EX-P0012-001	ST-P0012-035	C-P0012-035	R-P0012-035	B-P0012-035	GSM5133388	SAMN18140105	SRS8380807	SRX10239393	120min_no_auxin_rep1	GSM5133388	Mus musculus	10090	G1E-ER4 cells	GPL19057	G1E-ER4 CTCF-AID-mCherry	mid G1	GSE168176	yes	study_generated	study_generated	study_generated	primary_analysis	E-P0012-001|E-P0012-003|E-P0012-004	mapped	3	E-P0012-003|E-P0012-004	GEO sample matched to ENA runs by sample_alias/GSM.
AS-P0012-036	EX-P0012-001	ST-P0012-036	C-P0012-036	R-P0012-036	B-P0012-036	GSM5133389	SAMN18140104	SRS8380808	SRX10239394	120min_no_auxin_rep2	GSM5133389	Mus musculus	10090	G1E-ER4 cells	GPL19057	G1E-ER4 CTCF-AID-mCherry	mid G1	GSE168176	yes	study_generated	study_generated	study_generated	primary_analysis	E-P0012-001|E-P0012-003|E-P0012-004	mapped	5	E-P0012-003|E-P0012-004	GEO sample matched to ENA runs by sample_alias/GSM.
AS-P0012-037	EX-P0012-001	ST-P0012-037	C-P0012-037	R-P0012-037	B-P0012-037	GSM5133390	SAMN18140103	SRS8380809	SRX10239395	120min_no_auxin_rep3	GSM5133390	Mus musculus	10090	G1E-ER4 cells	GPL19057	G1E-ER4 CTCF-AID-mCherry	mid G1	GSE168176	yes	study_generated	study_generated	study_generated	primary_analysis	E-P0012-001|E-P0012-003|E-P0012-004	mapped	1	E-P0012-003|E-P0012-004	GEO sample matched to ENA runs by sample_alias/GSM.
AS-P0012-038	EX-P0012-001	ST-P0012-038	C-P0012-038	R-P0012-038	B-P0012-038	GSM5133391	SAMN18140102	SRS8380810	SRX10239396	120min_with_auxin_rep1	GSM5133391	Mus musculus	10090	G1E-ER4 cells	GPL19057	G1E-ER4 CTCF-AID-mCherry	mid G1	GSE168176	yes	study_generated	study_generated	study_generated	primary_analysis	E-P0012-001|E-P0012-003|E-P0012-004	mapped	3	E-P0012-003|E-P0012-004	GEO sample matched to ENA runs by sample_alias/GSM.
AS-P0012-039	EX-P0012-001	ST-P0012-039	C-P0012-039	R-P0012-039	B-P0012-039	GSM5133392	SAMN18140101	SRS8380811	SRX10239397	120min_with_auxin_rep2	GSM5133392	Mus musculus	10090	G1E-ER4 cells	GPL19057	G1E-ER4 CTCF-AID-mCherry	mid G1	GSE168176	yes	study_generated	study_generated	study_generated	primary_analysis	E-P0012-001|E-P0012-003|E-P0012-004	mapped	4	E-P0012-003|E-P0012-004	GEO sample matched to ENA runs by sample_alias/GSM.
AS-P0012-040	EX-P0012-001	ST-P0012-040	C-P0012-040	R-P0012-040	B-P0012-040	GSM5133393	SAMN18140100	SRS8380812	SRX10239398	120min_with_auxin_rep3	GSM5133393	Mus musculus	10090	G1E-ER4 cells	GPL19057	G1E-ER4 CTCF-AID-mCherry	mid G1	GSE168176	yes	study_generated	study_generated	study_generated	primary_analysis	E-P0012-001|E-P0012-003|E-P0012-004	mapped	1	E-P0012-003|E-P0012-004	GEO sample matched to ENA runs by sample_alias/GSM.
AS-P0012-041	EX-P0012-001	ST-P0012-041	C-P0012-041	R-P0012-041	B-P0012-041	GSM5133394	SAMN18140099	SRS8380813	SRX10239399	120min_no_auxin_with_triptolide rep1	GSM5133394	Mus musculus	10090	G1E-ER4 cells	GPL19057	G1E-ER4 CTCF-AID-mCherry	mid G1	GSE168176	yes	study_generated	study_generated	study_generated	primary_analysis	E-P0012-001|E-P0012-003|E-P0012-004	mapped	3	E-P0012-003|E-P0012-004	GEO sample matched to ENA runs by sample_alias/GSM.
AS-P0012-042	EX-P0012-001	ST-P0012-042	C-P0012-042	R-P0012-042	B-P0012-042	GSM5133395	SAMN18140098	SRS8380814	SRX10239400	120min_no_auxin_with_triptolide rep2	GSM5133395	Mus musculus	10090	G1E-ER4 cells	GPL19057	G1E-ER4 CTCF-AID-mCherry	mid G1	GSE168176	yes	study_generated	study_generated	study_generated	primary_analysis	E-P0012-001|E-P0012-003|E-P0012-004	mapped	3	E-P0012-003|E-P0012-004	GEO sample matched to ENA runs by sample_alias/GSM.
AS-P0012-043	EX-P0012-001	ST-P0012-043	C-P0012-043	R-P0012-043	B-P0012-043	GSM5133396	SAMN18140097	SRS8380815	SRX10239401	120min_with_auxin_with_triptolide rep1	GSM5133396	Mus musculus	10090	G1E-ER4 cells	GPL19057	G1E-ER4 CTCF-AID-mCherry	mid G1	GSE168176	yes	study_generated	study_generated	study_generated	primary_analysis	E-P0012-001|E-P0012-003|E-P0012-004	mapped	3	E-P0012-003|E-P0012-004	GEO sample matched to ENA runs by sample_alias/GSM.
AS-P0012-044	EX-P0012-001	ST-P0012-044	C-P0012-044	R-P0012-044	B-P0012-044	GSM5133397	SAMN18140096	SRS8380816	SRX10239402	120min_with_auxin_with_triptolide rep2	GSM5133397	Mus musculus	10090	G1E-ER4 cells	GPL19057	G1E-ER4 CTCF-AID-mCherry	mid G1	GSE168176	yes	study_generated	study_generated	study_generated	primary_analysis	E-P0012-001|E-P0012-003|E-P0012-004	mapped	3	E-P0012-003|E-P0012-004	GEO sample matched to ENA runs by sample_alias/GSM.
AS-P0001-001	EX-P0001-001	ST-P0001-001	C-P0001-001	R-P0001-001	B-P0001-001	NO_GEO_ERR351511	SAMEA2220308	ERS358581	ERX324294	E-MTAB-1948:CCHiC-HFF1-NS-R1-fastq	E-MTAB-1948:CCHiC-HFF1-NS-R1-fastq	Homo sapiens	9606	HFF1	NA	NR	UNRESOLVED	ArrayExpress sample	yes	study_generated	study_generated	study_generated	primary_analysis	E-P0001-001|E-P0001-003	mapped	1	E-P0001-003	One ENA run alias treated as one archive sample for this light pass; NO_GEO label is not an accession.
AS-P0001-002	EX-P0001-001	ST-P0001-002	C-P0001-002	R-P0001-002	B-P0001-002	NO_GEO_ERR351512	SAMEA2220309	ERS358582	ERX324295	E-MTAB-1948:CCHiC-HFF1-M-R1-fastq	E-MTAB-1948:CCHiC-HFF1-M-R1-fastq	Homo sapiens	9606	HFF1	NA	NR	prometaphase/M	ArrayExpress sample	yes	study_generated	study_generated	study_generated	primary_analysis	E-P0001-001|E-P0001-003	mapped	1	E-P0001-003	One ENA run alias treated as one archive sample for this light pass; NO_GEO label is not an accession.
AS-P0001-003	EX-P0001-001	ST-P0001-003	C-P0001-003	R-P0001-003	B-P0001-003	NO_GEO_ERR351513	SAMEA2220311	ERS358584	ERX324297	E-MTAB-1948:CCHiC-K562-M-R2-fastq	E-MTAB-1948:CCHiC-K562-M-R2-fastq	Homo sapiens	9606	NR	NA	NR	prometaphase/M	ArrayExpress sample	yes	study_generated	study_generated	study_generated	primary_analysis	E-P0001-001|E-P0001-003	mapped	1	E-P0001-003	One ENA run alias treated as one archive sample for this light pass; NO_GEO label is not an accession.
AS-P0001-004	EX-P0001-001	ST-P0001-004	C-P0001-004	R-P0001-004	B-P0001-004	NO_GEO_ERR351514	SAMEA2220310	ERS358583	ERX324296	E-MTAB-1948:CCHiC-K562-M-R1-fastq	E-MTAB-1948:CCHiC-K562-M-R1-fastq	Homo sapiens	9606	NR	NA	NR	prometaphase/M	ArrayExpress sample	yes	study_generated	study_generated	study_generated	primary_analysis	E-P0001-001|E-P0001-003	mapped	1	E-P0001-003	One ENA run alias treated as one archive sample for this light pass; NO_GEO label is not an accession.
AS-P0001-005	EX-P0001-001	ST-P0001-005	C-P0001-005	R-P0001-005	B-P0001-005	NO_GEO_ERR792487	SAMEA3309444	ERS685906	ERX836641	E-MTAB-1948_2:CCHiC-HeLaS3CCL2p2-M-0.25FA	E-MTAB-1948_2:CCHiC-HeLaS3CCL2p2-M-0.25FA	Homo sapiens	9606	HeLa S3	NA	NR	prometaphase/M	ArrayExpress sample	yes	study_generated	study_generated	study_generated	primary_analysis	E-P0001-001|E-P0001-003	mapped	1	E-P0001-003	One ENA run alias treated as one archive sample for this light pass; NO_GEO label is not an accession.
AS-P0001-006	EX-P0001-001	ST-P0001-006	C-P0001-006	R-P0001-006	B-P0001-006	NO_GEO_ERR792488	SAMEA3309438	ERS685900	ERX836635	E-MTAB-1948_2:CCHiC-HeLaS3CCL2p2-G1-1FA	E-MTAB-1948_2:CCHiC-HeLaS3CCL2p2-G1-1FA	Homo sapiens	9606	HeLa S3	NA	NR	G1	ArrayExpress sample	yes	study_generated	study_generated	study_generated	primary_analysis	E-P0001-001|E-P0001-003	mapped	1	E-P0001-003	One ENA run alias treated as one archive sample for this light pass; NO_GEO label is not an accession.
AS-P0001-007	EX-P0001-001	ST-P0001-007	C-P0001-007	R-P0001-007	B-P0001-007	NO_GEO_ERR792489	SAMEA3309443	ERS685905	ERX836640	E-MTAB-1948_2:CCHiC-HeLaS3-M-R2	E-MTAB-1948_2:CCHiC-HeLaS3-M-R2	Homo sapiens	9606	HeLa S3	NA	NR	prometaphase/M	ArrayExpress sample	yes	study_generated	study_generated	study_generated	primary_analysis	E-P0001-001|E-P0001-003	mapped	1	E-P0001-003	One ENA run alias treated as one archive sample for this light pass; NO_GEO label is not an accession.
AS-P0001-008	EX-P0001-001	ST-P0001-008	C-P0001-008	R-P0001-008	B-P0001-008	NO_GEO_ERR792490	SAMEA3309439	ERS685901	ERX836636	E-MTAB-1948_2:CCHiC-HeLaS3-M-R1	E-MTAB-1948_2:CCHiC-HeLaS3-M-R1	Homo sapiens	9606	HeLa S3	NA	NR	prometaphase/M	ArrayExpress sample	yes	study_generated	study_generated	study_generated	primary_analysis	E-P0001-001|E-P0001-003	mapped	1	E-P0001-003	One ENA run alias treated as one archive sample for this light pass; NO_GEO label is not an accession.
AS-P0001-009	EX-P0001-001	ST-P0001-009	C-P0001-009	R-P0001-009	B-P0001-009	NO_GEO_ERR792491	SAMEA3309441	ERS685903	ERX836638	E-MTAB-1948_2:CCHiC-HeLaS3CCL2p2-M-98percent	E-MTAB-1948_2:CCHiC-HeLaS3CCL2p2-M-98percent	Homo sapiens	9606	HeLa S3	NA	NR	prometaphase/M	ArrayExpress sample	yes	study_generated	study_generated	study_generated	primary_analysis	E-P0001-001|E-P0001-003	mapped	1	E-P0001-003	One ENA run alias treated as one archive sample for this light pass; NO_GEO label is not an accession.
AS-P0001-010	EX-P0001-001	ST-P0001-010	C-P0001-010	R-P0001-010	B-P0001-010	NO_GEO_ERR792492	SAMEA3309442	ERS685904	ERX836639	E-MTAB-1948_2:CCHiC-HeLaS3CCL2p2-G1-0.25FA	E-MTAB-1948_2:CCHiC-HeLaS3CCL2p2-G1-0.25FA	Homo sapiens	9606	HeLa S3	NA	NR	G1	ArrayExpress sample	yes	study_generated	study_generated	study_generated	primary_analysis	E-P0001-001|E-P0001-003	mapped	1	E-P0001-003	One ENA run alias treated as one archive sample for this light pass; NO_GEO label is not an accession.
AS-P0001-011	EX-P0001-001	ST-P0001-011	C-P0001-011	R-P0001-011	B-P0001-011	NO_GEO_ERR792493	SAMEA3309440	ERS685902	ERX836637	E-MTAB-1948_2:CCHiC-HeLaS3-G1mid-R2	E-MTAB-1948_2:CCHiC-HeLaS3-G1mid-R2	Homo sapiens	9606	HeLa S3	NA	NR	mid G1	ArrayExpress sample	yes	study_generated	study_generated	study_generated	primary_analysis	E-P0001-001|E-P0001-003	mapped	1	E-P0001-003	One ENA run alias treated as one archive sample for this light pass; NO_GEO label is not an accession.
AS-P0001-012	EX-P0001-001	ST-P0001-012	C-P0001-012	R-P0001-012	B-P0001-012	NO_GEO_ERR792494	SAMEA3309445	ERS685907	ERX836642	E-MTAB-1948_2:CCHiC-HeLaS3-G1mid-R1	E-MTAB-1948_2:CCHiC-HeLaS3-G1mid-R1	Homo sapiens	9606	HeLa S3	NA	NR	mid G1	ArrayExpress sample	yes	study_generated	study_generated	study_generated	primary_analysis	E-P0001-001|E-P0001-003	mapped	1	E-P0001-003	One ENA run alias treated as one archive sample for this light pass; NO_GEO label is not an accession.
AS-P0001-013	EX-P0001-001	ST-P0001-013	C-P0001-013	R-P0001-013	B-P0001-013	NO_GEO_ERR792495	SAMEA3309446	ERS685908	ERX836643	E-MTAB-1948_2:CCHiC-HeLaS3CCL2p2-M-1FA	E-MTAB-1948_2:CCHiC-HeLaS3CCL2p2-M-1FA	Homo sapiens	9606	HeLa S3	NA	NR	prometaphase/M	ArrayExpress sample	yes	study_generated	study_generated	study_generated	primary_analysis	E-P0001-001|E-P0001-003	mapped	1	E-P0001-003	One ENA run alias treated as one archive sample for this light pass; NO_GEO label is not an accession.
