review_id	paper_id	record_type	record_id	field_name	original_value	candidate_interpretation	decision	decision_status	evidence_ids	decision_rule	reviewer_status	notes
RV-P0008-0001	P0008	replicate	R-P0008-GEO-001	replicate_type	R1	biological_or_technical_replicate	UNRESOLVED	unresolved	E-P0008-008|E-P0008-013	Do not map R1/R2 without an explicit label-to-type statement.	machine_extracted_pending_human_review	The paper states duplicate time courses but does not define label type.
RV-P0008-0002	P0008	batch	B-P0008-GEO-001	batch_date	NR	not_applicable	NA	not_applicable	E-P0008-008	A date-like alias is a candidate, not a verified batch.	machine_extracted_pending_human_review	Original alias preserved.
RV-P0008-0003	P0008	replicate	R-P0008-GEO-002	replicate_type	R1	biological_or_technical_replicate	UNRESOLVED	unresolved	E-P0008-008|E-P0008-013	Do not map R1/R2 without an explicit label-to-type statement.	machine_extracted_pending_human_review	The paper states duplicate time courses but does not define label type.
RV-P0008-0004	P0008	batch	B-P0008-GEO-002	batch_date	NR	not_applicable	NA	not_applicable	E-P0008-008	A date-like alias is a candidate, not a verified batch.	machine_extracted_pending_human_review	Original alias preserved.
RV-P0008-0005	P0008	replicate	R-P0008-GEO-003	replicate_type	R2	biological_or_technical_replicate	UNRESOLVED	unresolved	E-P0008-008|E-P0008-013	Do not map R1/R2 without an explicit label-to-type statement.	machine_extracted_pending_human_review	The paper states duplicate time courses but does not define label type.
RV-P0008-0006	P0008	batch	B-P0008-GEO-003	batch_date	NR	not_applicable	NA	not_applicable	E-P0008-008	A date-like alias is a candidate, not a verified batch.	machine_extracted_pending_human_review	Original alias preserved.
RV-P0008-0007	P0008	replicate	R-P0008-GEO-004	replicate_type	R1	biological_or_technical_replicate	UNRESOLVED	unresolved	E-P0008-008|E-P0008-013	Do not map R1/R2 without an explicit label-to-type statement.	machine_extracted_pending_human_review	The paper states duplicate time courses but does not define label type.
RV-P0008-0008	P0008	batch	B-P0008-GEO-004	batch_date	NR	not_applicable	NA	not_applicable	E-P0008-008	A date-like alias is a candidate, not a verified batch.	machine_extracted_pending_human_review	Original alias preserved.
RV-P0008-0009	P0008	replicate	R-P0008-GEO-005	replicate_type	R1	biological_or_technical_replicate	UNRESOLVED	unresolved	E-P0008-008|E-P0008-013	Do not map R1/R2 without an explicit label-to-type statement.	machine_extracted_pending_human_review	The paper states duplicate time courses but does not define label type.
RV-P0008-0010	P0008	batch	B-P0008-GEO-005	batch_date	NR	not_applicable	NA	not_applicable	E-P0008-008	A date-like alias is a candidate, not a verified batch.	machine_extracted_pending_human_review	Original alias preserved.
RV-P0008-0011	P0008	condition	C-P0008-GEO-005	author_condition_label	87PMphase-30m-R1	possible_nocodazole_related_collection	partial_context_only	partially_verified	E-P0008-008|E-P0008-013	Preserve alias; require explicit per-GSM mapping for normalization.	machine_extracted_pending_human_review	No inference from token shape alone.
RV-P0008-0012	P0008	replicate	R-P0008-GEO-006	replicate_type	R2	biological_or_technical_replicate	UNRESOLVED	unresolved	E-P0008-008|E-P0008-013	Do not map R1/R2 without an explicit label-to-type statement.	machine_extracted_pending_human_review	The paper states duplicate time courses but does not define label type.
RV-P0008-0013	P0008	batch	B-P0008-GEO-006	batch_date	NR	not_applicable	NA	not_applicable	E-P0008-008	A date-like alias is a candidate, not a verified batch.	machine_extracted_pending_human_review	Original alias preserved.
RV-P0008-0014	P0008	condition	C-P0008-GEO-006	author_condition_label	90PMphase-30m-R2	possible_nocodazole_related_collection	partial_context_only	partially_verified	E-P0008-008|E-P0008-013	Preserve alias; require explicit per-GSM mapping for normalization.	machine_extracted_pending_human_review	No inference from token shape alone.
RV-P0008-0015	P0008	replicate	R-P0008-GEO-007	replicate_type	R1	biological_or_technical_replicate	UNRESOLVED	unresolved	E-P0008-008|E-P0008-013	Do not map R1/R2 without an explicit label-to-type statement.	machine_extracted_pending_human_review	The paper states duplicate time courses but does not define label type.
RV-P0008-0016	P0008	batch	B-P0008-GEO-007	batch_date	NR	not_applicable	NA	not_applicable	E-P0008-008	A date-like alias is a candidate, not a verified batch.	machine_extracted_pending_human_review	Original alias preserved.
RV-P0008-0017	P0008	condition	C-P0008-GEO-007	author_condition_label	92PMphase-60m-R1	author_condition_or_phase_alias	UNRESOLVED	unresolved	E-P0008-008|E-P0008-013	Preserve alias; require explicit per-GSM mapping for normalization.	machine_extracted_pending_human_review	No inference from token shape alone.
RV-P0008-0018	P0008	replicate	R-P0008-GEO-008	replicate_type	R1	biological_or_technical_replicate	UNRESOLVED	unresolved	E-P0008-008|E-P0008-013	Do not map R1/R2 without an explicit label-to-type statement.	machine_extracted_pending_human_review	The paper states duplicate time courses but does not define label type.
RV-P0008-0019	P0008	batch	B-P0008-GEO-008	batch_date	2015-06-09	candidate_experimental_batch	UNRESOLVED	unresolved	E-P0008-008	A date-like alias is a candidate, not a verified batch.	machine_extracted_pending_human_review	Original alias preserved.
RV-P0008-0020	P0008	replicate	R-P0008-GEO-009	replicate_type	R1	biological_or_technical_replicate	UNRESOLVED	unresolved	E-P0008-008|E-P0008-013	Do not map R1/R2 without an explicit label-to-type statement.	machine_extracted_pending_human_review	The paper states duplicate time courses but does not define label type.
RV-P0008-0021	P0008	batch	B-P0008-GEO-009	batch_date	2015-06-09	candidate_experimental_batch	UNRESOLVED	unresolved	E-P0008-008	A date-like alias is a candidate, not a verified batch.	machine_extracted_pending_human_review	Original alias preserved.
RV-P0008-0022	P0008	replicate	R-P0008-GEO-010	replicate_type	R1	biological_or_technical_replicate	UNRESOLVED	unresolved	E-P0008-008|E-P0008-013	Do not map R1/R2 without an explicit label-to-type statement.	machine_extracted_pending_human_review	The paper states duplicate time courses but does not define label type.
RV-P0008-0023	P0008	batch	B-P0008-GEO-010	batch_date	2015-06-09	candidate_experimental_batch	UNRESOLVED	unresolved	E-P0008-008	A date-like alias is a candidate, not a verified batch.	machine_extracted_pending_human_review	Original alias preserved.
RV-P0008-0024	P0008	replicate	R-P0008-GEO-011	replicate_type	R1	biological_or_technical_replicate	UNRESOLVED	unresolved	E-P0008-008|E-P0008-013	Do not map R1/R2 without an explicit label-to-type statement.	machine_extracted_pending_human_review	The paper states duplicate time courses but does not define label type.
RV-P0008-0025	P0008	batch	B-P0008-GEO-011	batch_date	2015-06-09	candidate_experimental_batch	UNRESOLVED	unresolved	E-P0008-008	A date-like alias is a candidate, not a verified batch.	machine_extracted_pending_human_review	Original alias preserved.
RV-P0008-0026	P0008	condition	C-P0008-GEO-011	author_condition_label	20150609-30m-R1	possible_nocodazole_related_collection	partial_context_only	partially_verified	E-P0008-008|E-P0008-013	Preserve alias; require explicit per-GSM mapping for normalization.	machine_extracted_pending_human_review	No inference from token shape alone.
RV-P0008-0027	P0008	replicate	R-P0008-GEO-012	replicate_type	R1	biological_or_technical_replicate	UNRESOLVED	unresolved	E-P0008-008|E-P0008-013	Do not map R1/R2 without an explicit label-to-type statement.	machine_extracted_pending_human_review	The paper states duplicate time courses but does not define label type.
RV-P0008-0028	P0008	batch	B-P0008-GEO-012	batch_date	2015-06-09	candidate_experimental_batch	UNRESOLVED	unresolved	E-P0008-008	A date-like alias is a candidate, not a verified batch.	machine_extracted_pending_human_review	Original alias preserved.
RV-P0008-0029	P0008	replicate	R-P0008-GEO-013	replicate_type	R1	biological_or_technical_replicate	UNRESOLVED	unresolved	E-P0008-008|E-P0008-013	Do not map R1/R2 without an explicit label-to-type statement.	machine_extracted_pending_human_review	The paper states duplicate time courses but does not define label type.
RV-P0008-0030	P0008	batch	B-P0008-GEO-013	batch_date	2015-10-09	candidate_experimental_batch	UNRESOLVED	unresolved	E-P0008-008	A date-like alias is a candidate, not a verified batch.	machine_extracted_pending_human_review	Original alias preserved.
RV-P0008-0031	P0008	replicate	R-P0008-GEO-014	replicate_type	R1	biological_or_technical_replicate	UNRESOLVED	unresolved	E-P0008-008|E-P0008-013	Do not map R1/R2 without an explicit label-to-type statement.	machine_extracted_pending_human_review	The paper states duplicate time courses but does not define label type.
RV-P0008-0032	P0008	batch	B-P0008-GEO-014	batch_date	2015-10-09	candidate_experimental_batch	UNRESOLVED	unresolved	E-P0008-008	A date-like alias is a candidate, not a verified batch.	machine_extracted_pending_human_review	Original alias preserved.
RV-P0008-0033	P0008	replicate	R-P0008-GEO-015	replicate_type	R1	biological_or_technical_replicate	UNRESOLVED	unresolved	E-P0008-008|E-P0008-013	Do not map R1/R2 without an explicit label-to-type statement.	machine_extracted_pending_human_review	The paper states duplicate time courses but does not define label type.
RV-P0008-0034	P0008	batch	B-P0008-GEO-015	batch_date	2015-10-09	candidate_experimental_batch	UNRESOLVED	unresolved	E-P0008-008	A date-like alias is a candidate, not a verified batch.	machine_extracted_pending_human_review	Original alias preserved.
RV-P0008-0035	P0008	replicate	R-P0008-GEO-016	replicate_type	R1	biological_or_technical_replicate	UNRESOLVED	unresolved	E-P0008-008|E-P0008-013	Do not map R1/R2 without an explicit label-to-type statement.	machine_extracted_pending_human_review	The paper states duplicate time courses but does not define label type.
RV-P0008-0036	P0008	batch	B-P0008-GEO-016	batch_date	2015-10-09	candidate_experimental_batch	UNRESOLVED	unresolved	E-P0008-008	A date-like alias is a candidate, not a verified batch.	machine_extracted_pending_human_review	Original alias preserved.
RV-P0008-0037	P0008	replicate	R-P0008-GEO-017	replicate_type	R1	biological_or_technical_replicate	UNRESOLVED	unresolved	E-P0008-008|E-P0008-013	Do not map R1/R2 without an explicit label-to-type statement.	machine_extracted_pending_human_review	The paper states duplicate time courses but does not define label type.
RV-P0008-0038	P0008	batch	B-P0008-GEO-017	batch_date	2015-10-09	candidate_experimental_batch	UNRESOLVED	unresolved	E-P0008-008	A date-like alias is a candidate, not a verified batch.	machine_extracted_pending_human_review	Original alias preserved.
RV-P0008-0039	P0008	replicate	R-P0008-GEO-018	replicate_type	R1	biological_or_technical_replicate	UNRESOLVED	unresolved	E-P0008-008|E-P0008-013	Do not map R1/R2 without an explicit label-to-type statement.	machine_extracted_pending_human_review	The paper states duplicate time courses but does not define label type.
RV-P0008-0040	P0008	batch	B-P0008-GEO-018	batch_date	2015-06-03	candidate_experimental_batch	UNRESOLVED	unresolved	E-P0008-008	A date-like alias is a candidate, not a verified batch.	machine_extracted_pending_human_review	Original alias preserved.
RV-P0008-0041	P0008	replicate	R-P0008-GEO-019	replicate_type	R1	biological_or_technical_replicate	UNRESOLVED	unresolved	E-P0008-008|E-P0008-013	Do not map R1/R2 without an explicit label-to-type statement.	machine_extracted_pending_human_review	The paper states duplicate time courses but does not define label type.
RV-P0008-0042	P0008	batch	B-P0008-GEO-019	batch_date	2015-06-03	candidate_experimental_batch	UNRESOLVED	unresolved	E-P0008-008	A date-like alias is a candidate, not a verified batch.	machine_extracted_pending_human_review	Original alias preserved.
RV-P0008-0043	P0008	replicate	R-P0008-GEO-020	replicate_type	R1	biological_or_technical_replicate	UNRESOLVED	unresolved	E-P0008-008|E-P0008-013	Do not map R1/R2 without an explicit label-to-type statement.	machine_extracted_pending_human_review	The paper states duplicate time courses but does not define label type.
RV-P0008-0044	P0008	batch	B-P0008-GEO-020	batch_date	2015-06-03	candidate_experimental_batch	UNRESOLVED	unresolved	E-P0008-008	A date-like alias is a candidate, not a verified batch.	machine_extracted_pending_human_review	Original alias preserved.
RV-P0008-0045	P0008	condition	C-P0008-GEO-020	author_condition_label	20150603-s30m-R1	possible_nocodazole_related_collection	partial_context_only	partially_verified	E-P0008-008|E-P0008-013	Preserve alias; require explicit per-GSM mapping for normalization.	machine_extracted_pending_human_review	No inference from token shape alone.
RV-P0008-0046	P0008	replicate	R-P0008-GEO-021	replicate_type	R1	biological_or_technical_replicate	UNRESOLVED	unresolved	E-P0008-008|E-P0008-013	Do not map R1/R2 without an explicit label-to-type statement.	machine_extracted_pending_human_review	The paper states duplicate time courses but does not define label type.
RV-P0008-0047	P0008	batch	B-P0008-GEO-021	batch_date	2015-06-03	candidate_experimental_batch	UNRESOLVED	unresolved	E-P0008-008	A date-like alias is a candidate, not a verified batch.	machine_extracted_pending_human_review	Original alias preserved.
RV-P0008-0048	P0008	replicate	R-P0008-GEO-022	replicate_type	R1	biological_or_technical_replicate	UNRESOLVED	unresolved	E-P0008-008|E-P0008-013	Do not map R1/R2 without an explicit label-to-type statement.	machine_extracted_pending_human_review	The paper states duplicate time courses but does not define label type.
RV-P0008-0049	P0008	batch	B-P0008-GEO-022	batch_date	2015-06-10	candidate_experimental_batch	UNRESOLVED	unresolved	E-P0008-008	A date-like alias is a candidate, not a verified batch.	machine_extracted_pending_human_review	Original alias preserved.
RV-P0008-0050	P0008	condition	C-P0008-GEO-022	author_condition_label	20150610-sG2-R1	author_condition_or_phase_alias	UNRESOLVED	unresolved	E-P0008-008|E-P0008-013	Preserve alias; require explicit per-GSM mapping for normalization.	machine_extracted_pending_human_review	No inference from token shape alone.
RV-P0008-0051	P0008	replicate	R-P0008-GEO-023	replicate_type	R1	biological_or_technical_replicate	UNRESOLVED	unresolved	E-P0008-008|E-P0008-013	Do not map R1/R2 without an explicit label-to-type statement.	machine_extracted_pending_human_review	The paper states duplicate time courses but does not define label type.
RV-P0008-0052	P0008	batch	B-P0008-GEO-023	batch_date	2015-06-10	candidate_experimental_batch	UNRESOLVED	unresolved	E-P0008-008	A date-like alias is a candidate, not a verified batch.	machine_extracted_pending_human_review	Original alias preserved.
RV-P0008-0053	P0008	replicate	R-P0008-GEO-024	replicate_type	R1	biological_or_technical_replicate	UNRESOLVED	unresolved	E-P0008-008|E-P0008-013	Do not map R1/R2 without an explicit label-to-type statement.	machine_extracted_pending_human_review	The paper states duplicate time courses but does not define label type.
RV-P0008-0054	P0008	batch	B-P0008-GEO-024	batch_date	2015-06-10	candidate_experimental_batch	UNRESOLVED	unresolved	E-P0008-008	A date-like alias is a candidate, not a verified batch.	machine_extracted_pending_human_review	Original alias preserved.
RV-P0008-0055	P0008	replicate	R-P0008-GEO-025	replicate_type	R1	biological_or_technical_replicate	UNRESOLVED	unresolved	E-P0008-008|E-P0008-013	Do not map R1/R2 without an explicit label-to-type statement.	machine_extracted_pending_human_review	The paper states duplicate time courses but does not define label type.
RV-P0008-0056	P0008	batch	B-P0008-GEO-025	batch_date	2015-06-10	candidate_experimental_batch	UNRESOLVED	unresolved	E-P0008-008	A date-like alias is a candidate, not a verified batch.	machine_extracted_pending_human_review	Original alias preserved.
RV-P0008-0057	P0008	replicate	R-P0008-GEO-026	replicate_type	R1	biological_or_technical_replicate	UNRESOLVED	unresolved	E-P0008-008|E-P0008-013	Do not map R1/R2 without an explicit label-to-type statement.	machine_extracted_pending_human_review	The paper states duplicate time courses but does not define label type.
RV-P0008-0058	P0008	batch	B-P0008-GEO-026	batch_date	2015-08-12	candidate_experimental_batch	UNRESOLVED	unresolved	E-P0008-008	A date-like alias is a candidate, not a verified batch.	machine_extracted_pending_human_review	Original alias preserved.
RV-P0008-0059	P0008	replicate	R-P0008-GEO-027	replicate_type	R2	biological_or_technical_replicate	UNRESOLVED	unresolved	E-P0008-008|E-P0008-013	Do not map R1/R2 without an explicit label-to-type statement.	machine_extracted_pending_human_review	The paper states duplicate time courses but does not define label type.
RV-P0008-0060	P0008	batch	B-P0008-GEO-027	batch_date	2015-08-14	candidate_experimental_batch	UNRESOLVED	unresolved	E-P0008-008	A date-like alias is a candidate, not a verified batch.	machine_extracted_pending_human_review	Original alias preserved.
RV-P0008-0061	P0008	replicate	R-P0008-GEO-028	replicate_type	R2	biological_or_technical_replicate	UNRESOLVED	unresolved	E-P0008-008|E-P0008-013	Do not map R1/R2 without an explicit label-to-type statement.	machine_extracted_pending_human_review	The paper states duplicate time courses but does not define label type.
RV-P0008-0062	P0008	batch	B-P0008-GEO-028	batch_date	2015-08-14	candidate_experimental_batch	UNRESOLVED	unresolved	E-P0008-008	A date-like alias is a candidate, not a verified batch.	machine_extracted_pending_human_review	Original alias preserved.
RV-P0008-0063	P0008	replicate	R-P0008-GEO-029	replicate_type	R2	biological_or_technical_replicate	UNRESOLVED	unresolved	E-P0008-008|E-P0008-013	Do not map R1/R2 without an explicit label-to-type statement.	machine_extracted_pending_human_review	The paper states duplicate time courses but does not define label type.
RV-P0008-0064	P0008	batch	B-P0008-GEO-029	batch_date	2015-08-14	candidate_experimental_batch	UNRESOLVED	unresolved	E-P0008-008	A date-like alias is a candidate, not a verified batch.	machine_extracted_pending_human_review	Original alias preserved.
RV-P0008-0065	P0008	replicate	R-P0008-GEO-030	replicate_type	R2	biological_or_technical_replicate	UNRESOLVED	unresolved	E-P0008-008|E-P0008-013	Do not map R1/R2 without an explicit label-to-type statement.	machine_extracted_pending_human_review	The paper states duplicate time courses but does not define label type.
RV-P0008-0066	P0008	batch	B-P0008-GEO-030	batch_date	2015-08-14	candidate_experimental_batch	UNRESOLVED	unresolved	E-P0008-008	A date-like alias is a candidate, not a verified batch.	machine_extracted_pending_human_review	Original alias preserved.
RV-P0008-0067	P0008	replicate	R-P0008-GEO-031	replicate_type	R1	biological_or_technical_replicate	UNRESOLVED	unresolved	E-P0008-008|E-P0008-013	Do not map R1/R2 without an explicit label-to-type statement.	machine_extracted_pending_human_review	The paper states duplicate time courses but does not define label type.
RV-P0008-0068	P0008	batch	B-P0008-GEO-031	batch_date	2016-07-26	candidate_experimental_batch	UNRESOLVED	unresolved	E-P0008-008	A date-like alias is a candidate, not a verified batch.	machine_extracted_pending_human_review	Original alias preserved.
RV-P0008-0069	P0008	condition	C-P0008-GEO-031	author_condition_label	20160726-G2p-R1	author_condition_or_phase_alias	UNRESOLVED	unresolved	E-P0008-008|E-P0008-013	Preserve alias; require explicit per-GSM mapping for normalization.	machine_extracted_pending_human_review	No inference from token shape alone.
RV-P0008-0070	P0008	replicate	R-P0008-GEO-032	replicate_type	R1	biological_or_technical_replicate	UNRESOLVED	unresolved	E-P0008-008|E-P0008-013	Do not map R1/R2 without an explicit label-to-type statement.	machine_extracted_pending_human_review	The paper states duplicate time courses but does not define label type.
RV-P0008-0071	P0008	batch	B-P0008-GEO-032	batch_date	2016-07-26	candidate_experimental_batch	UNRESOLVED	unresolved	E-P0008-008	A date-like alias is a candidate, not a verified batch.	machine_extracted_pending_human_review	Original alias preserved.
RV-P0008-0072	P0008	condition	C-P0008-GEO-032	author_condition_label	20160726-G2n-R1	author_condition_or_phase_alias	UNRESOLVED	unresolved	E-P0008-008|E-P0008-013	Preserve alias; require explicit per-GSM mapping for normalization.	machine_extracted_pending_human_review	No inference from token shape alone.
RV-P0008-0073	P0008	replicate	R-P0008-GEO-033	replicate_type	R1	biological_or_technical_replicate	UNRESOLVED	unresolved	E-P0008-008|E-P0008-013	Do not map R1/R2 without an explicit label-to-type statement.	machine_extracted_pending_human_review	The paper states duplicate time courses but does not define label type.
RV-P0008-0074	P0008	batch	B-P0008-GEO-033	batch_date	2016-07-26	candidate_experimental_batch	UNRESOLVED	unresolved	E-P0008-008	A date-like alias is a candidate, not a verified batch.	machine_extracted_pending_human_review	Original alias preserved.
RV-P0008-0075	P0008	replicate	R-P0008-GEO-034	replicate_type	R1	biological_or_technical_replicate	UNRESOLVED	unresolved	E-P0008-008|E-P0008-013	Do not map R1/R2 without an explicit label-to-type statement.	machine_extracted_pending_human_review	The paper states duplicate time courses but does not define label type.
RV-P0008-0076	P0008	batch	B-P0008-GEO-034	batch_date	2016-07-26	candidate_experimental_batch	UNRESOLVED	unresolved	E-P0008-008	A date-like alias is a candidate, not a verified batch.	machine_extracted_pending_human_review	Original alias preserved.
RV-P0008-0077	P0008	replicate	R-P0008-GEO-035	replicate_type	R1	biological_or_technical_replicate	UNRESOLVED	unresolved	E-P0008-008|E-P0008-013	Do not map R1/R2 without an explicit label-to-type statement.	machine_extracted_pending_human_review	The paper states duplicate time courses but does not define label type.
RV-P0008-0078	P0008	batch	B-P0008-GEO-035	batch_date	2016-07-26	candidate_experimental_batch	UNRESOLVED	unresolved	E-P0008-008	A date-like alias is a candidate, not a verified batch.	machine_extracted_pending_human_review	Original alias preserved.
RV-P0008-0079	P0008	replicate	R-P0008-GEO-036	replicate_type	R1	biological_or_technical_replicate	UNRESOLVED	unresolved	E-P0008-008|E-P0008-013	Do not map R1/R2 without an explicit label-to-type statement.	machine_extracted_pending_human_review	The paper states duplicate time courses but does not define label type.
RV-P0008-0080	P0008	batch	B-P0008-GEO-036	batch_date	2016-07-26	candidate_experimental_batch	UNRESOLVED	unresolved	E-P0008-008	A date-like alias is a candidate, not a verified batch.	machine_extracted_pending_human_review	Original alias preserved.
RV-P0008-0081	P0008	condition	C-P0008-GEO-036	author_condition_label	20160726-30m-R1	possible_nocodazole_related_collection	partial_context_only	partially_verified	E-P0008-008|E-P0008-013	Preserve alias; require explicit per-GSM mapping for normalization.	machine_extracted_pending_human_review	No inference from token shape alone.
RV-P0008-0082	P0008	replicate	R-P0008-GEO-037	replicate_type	R1	biological_or_technical_replicate	UNRESOLVED	unresolved	E-P0008-008|E-P0008-013	Do not map R1/R2 without an explicit label-to-type statement.	machine_extracted_pending_human_review	The paper states duplicate time courses but does not define label type.
RV-P0008-0083	P0008	batch	B-P0008-GEO-037	batch_date	2016-07-26	candidate_experimental_batch	UNRESOLVED	unresolved	E-P0008-008	A date-like alias is a candidate, not a verified batch.	machine_extracted_pending_human_review	Original alias preserved.
RV-P0008-0084	P0008	replicate	R-P0008-GEO-038	replicate_type	R1	biological_or_technical_replicate	UNRESOLVED	unresolved	E-P0008-008|E-P0008-013	Do not map R1/R2 without an explicit label-to-type statement.	machine_extracted_pending_human_review	The paper states duplicate time courses but does not define label type.
RV-P0008-0085	P0008	batch	B-P0008-GEO-038	batch_date	2016-07-14	candidate_experimental_batch	UNRESOLVED	unresolved	E-P0008-008	A date-like alias is a candidate, not a verified batch.	machine_extracted_pending_human_review	Original alias preserved.
RV-P0008-0086	P0008	condition	C-P0008-GEO-038	author_condition_label	20160714-G2p-R1	author_condition_or_phase_alias	UNRESOLVED	unresolved	E-P0008-008|E-P0008-013	Preserve alias; require explicit per-GSM mapping for normalization.	machine_extracted_pending_human_review	No inference from token shape alone.
RV-P0008-0087	P0008	replicate	R-P0008-GEO-039	replicate_type	R1	biological_or_technical_replicate	UNRESOLVED	unresolved	E-P0008-008|E-P0008-013	Do not map R1/R2 without an explicit label-to-type statement.	machine_extracted_pending_human_review	The paper states duplicate time courses but does not define label type.
RV-P0008-0088	P0008	batch	B-P0008-GEO-039	batch_date	2016-07-14	candidate_experimental_batch	UNRESOLVED	unresolved	E-P0008-008	A date-like alias is a candidate, not a verified batch.	machine_extracted_pending_human_review	Original alias preserved.
RV-P0008-0089	P0008	condition	C-P0008-GEO-039	author_condition_label	20160714-G2n-R1	author_condition_or_phase_alias	UNRESOLVED	unresolved	E-P0008-008|E-P0008-013	Preserve alias; require explicit per-GSM mapping for normalization.	machine_extracted_pending_human_review	No inference from token shape alone.
RV-P0008-0090	P0008	replicate	R-P0008-GEO-040	replicate_type	R1	biological_or_technical_replicate	UNRESOLVED	unresolved	E-P0008-008|E-P0008-013	Do not map R1/R2 without an explicit label-to-type statement.	machine_extracted_pending_human_review	The paper states duplicate time courses but does not define label type.
RV-P0008-0091	P0008	batch	B-P0008-GEO-040	batch_date	2016-07-14	candidate_experimental_batch	UNRESOLVED	unresolved	E-P0008-008	A date-like alias is a candidate, not a verified batch.	machine_extracted_pending_human_review	Original alias preserved.
RV-P0008-0092	P0008	replicate	R-P0008-GEO-041	replicate_type	R1	biological_or_technical_replicate	UNRESOLVED	unresolved	E-P0008-008|E-P0008-013	Do not map R1/R2 without an explicit label-to-type statement.	machine_extracted_pending_human_review	The paper states duplicate time courses but does not define label type.
RV-P0008-0093	P0008	batch	B-P0008-GEO-041	batch_date	2016-07-14	candidate_experimental_batch	UNRESOLVED	unresolved	E-P0008-008	A date-like alias is a candidate, not a verified batch.	machine_extracted_pending_human_review	Original alias preserved.
RV-P0008-0094	P0008	replicate	R-P0008-GEO-042	replicate_type	R1	biological_or_technical_replicate	UNRESOLVED	unresolved	E-P0008-008|E-P0008-013	Do not map R1/R2 without an explicit label-to-type statement.	machine_extracted_pending_human_review	The paper states duplicate time courses but does not define label type.
RV-P0008-0095	P0008	batch	B-P0008-GEO-042	batch_date	2016-07-14	candidate_experimental_batch	UNRESOLVED	unresolved	E-P0008-008	A date-like alias is a candidate, not a verified batch.	machine_extracted_pending_human_review	Original alias preserved.
RV-P0008-0096	P0008	replicate	R-P0008-GEO-043	replicate_type	R1	biological_or_technical_replicate	UNRESOLVED	unresolved	E-P0008-008|E-P0008-013	Do not map R1/R2 without an explicit label-to-type statement.	machine_extracted_pending_human_review	The paper states duplicate time courses but does not define label type.
RV-P0008-0097	P0008	batch	B-P0008-GEO-043	batch_date	2016-07-14	candidate_experimental_batch	UNRESOLVED	unresolved	E-P0008-008	A date-like alias is a candidate, not a verified batch.	machine_extracted_pending_human_review	Original alias preserved.
RV-P0008-0098	P0008	condition	C-P0008-GEO-043	author_condition_label	20160714-30m-R1	possible_nocodazole_related_collection	partial_context_only	partially_verified	E-P0008-008|E-P0008-013	Preserve alias; require explicit per-GSM mapping for normalization.	machine_extracted_pending_human_review	No inference from token shape alone.
RV-P0008-0099	P0008	replicate	R-P0008-GEO-044	replicate_type	R1	biological_or_technical_replicate	UNRESOLVED	unresolved	E-P0008-008|E-P0008-013	Do not map R1/R2 without an explicit label-to-type statement.	machine_extracted_pending_human_review	The paper states duplicate time courses but does not define label type.
RV-P0008-0100	P0008	batch	B-P0008-GEO-044	batch_date	2016-07-14	candidate_experimental_batch	UNRESOLVED	unresolved	E-P0008-008	A date-like alias is a candidate, not a verified batch.	machine_extracted_pending_human_review	Original alias preserved.
RV-P0008-0101	P0008	replicate	R-P0008-GEO-045	replicate_type	R2	biological_or_technical_replicate	UNRESOLVED	unresolved	E-P0008-008|E-P0008-013	Do not map R1/R2 without an explicit label-to-type statement.	machine_extracted_pending_human_review	The paper states duplicate time courses but does not define label type.
RV-P0008-0102	P0008	batch	B-P0008-GEO-045	batch_date	2016-09-19	candidate_experimental_batch	UNRESOLVED	unresolved	E-P0008-008	A date-like alias is a candidate, not a verified batch.	machine_extracted_pending_human_review	Original alias preserved.
RV-P0008-0103	P0008	condition	C-P0008-GEO-045	author_condition_label	20160919-G2p-R2	author_condition_or_phase_alias	UNRESOLVED	unresolved	E-P0008-008|E-P0008-013	Preserve alias; require explicit per-GSM mapping for normalization.	machine_extracted_pending_human_review	No inference from token shape alone.
RV-P0008-0104	P0008	replicate	R-P0008-GEO-046	replicate_type	R2	biological_or_technical_replicate	UNRESOLVED	unresolved	E-P0008-008|E-P0008-013	Do not map R1/R2 without an explicit label-to-type statement.	machine_extracted_pending_human_review	The paper states duplicate time courses but does not define label type.
RV-P0008-0105	P0008	batch	B-P0008-GEO-046	batch_date	2016-09-19	candidate_experimental_batch	UNRESOLVED	unresolved	E-P0008-008	A date-like alias is a candidate, not a verified batch.	machine_extracted_pending_human_review	Original alias preserved.
RV-P0008-0106	P0008	condition	C-P0008-GEO-046	author_condition_label	20160919-G2n-R2	author_condition_or_phase_alias	UNRESOLVED	unresolved	E-P0008-008|E-P0008-013	Preserve alias; require explicit per-GSM mapping for normalization.	machine_extracted_pending_human_review	No inference from token shape alone.
RV-P0008-0107	P0008	replicate	R-P0008-GEO-047	replicate_type	R2	biological_or_technical_replicate	UNRESOLVED	unresolved	E-P0008-008|E-P0008-013	Do not map R1/R2 without an explicit label-to-type statement.	machine_extracted_pending_human_review	The paper states duplicate time courses but does not define label type.
RV-P0008-0108	P0008	batch	B-P0008-GEO-047	batch_date	2016-09-19	candidate_experimental_batch	UNRESOLVED	unresolved	E-P0008-008	A date-like alias is a candidate, not a verified batch.	machine_extracted_pending_human_review	Original alias preserved.
RV-P0008-0109	P0008	replicate	R-P0008-GEO-048	replicate_type	R2	biological_or_technical_replicate	UNRESOLVED	unresolved	E-P0008-008|E-P0008-013	Do not map R1/R2 without an explicit label-to-type statement.	machine_extracted_pending_human_review	The paper states duplicate time courses but does not define label type.
RV-P0008-0110	P0008	batch	B-P0008-GEO-048	batch_date	2016-09-19	candidate_experimental_batch	UNRESOLVED	unresolved	E-P0008-008	A date-like alias is a candidate, not a verified batch.	machine_extracted_pending_human_review	Original alias preserved.
RV-P0008-0111	P0008	replicate	R-P0008-GEO-049	replicate_type	R2	biological_or_technical_replicate	UNRESOLVED	unresolved	E-P0008-008|E-P0008-013	Do not map R1/R2 without an explicit label-to-type statement.	machine_extracted_pending_human_review	The paper states duplicate time courses but does not define label type.
RV-P0008-0112	P0008	batch	B-P0008-GEO-049	batch_date	2016-09-19	candidate_experimental_batch	UNRESOLVED	unresolved	E-P0008-008	A date-like alias is a candidate, not a verified batch.	machine_extracted_pending_human_review	Original alias preserved.
RV-P0008-0113	P0008	replicate	R-P0008-GEO-050	replicate_type	R2	biological_or_technical_replicate	UNRESOLVED	unresolved	E-P0008-008|E-P0008-013	Do not map R1/R2 without an explicit label-to-type statement.	machine_extracted_pending_human_review	The paper states duplicate time courses but does not define label type.
RV-P0008-0114	P0008	batch	B-P0008-GEO-050	batch_date	2016-09-19	candidate_experimental_batch	UNRESOLVED	unresolved	E-P0008-008	A date-like alias is a candidate, not a verified batch.	machine_extracted_pending_human_review	Original alias preserved.
RV-P0008-0115	P0008	condition	C-P0008-GEO-050	author_condition_label	20160919-30m-R2	possible_nocodazole_related_collection	partial_context_only	partially_verified	E-P0008-008|E-P0008-013	Preserve alias; require explicit per-GSM mapping for normalization.	machine_extracted_pending_human_review	No inference from token shape alone.
RV-P0008-0116	P0008	replicate	R-P0008-GEO-051	replicate_type	R2	biological_or_technical_replicate	UNRESOLVED	unresolved	E-P0008-008|E-P0008-013	Do not map R1/R2 without an explicit label-to-type statement.	machine_extracted_pending_human_review	The paper states duplicate time courses but does not define label type.
RV-P0008-0117	P0008	batch	B-P0008-GEO-051	batch_date	2016-09-19	candidate_experimental_batch	UNRESOLVED	unresolved	E-P0008-008	A date-like alias is a candidate, not a verified batch.	machine_extracted_pending_human_review	Original alias preserved.
RV-P0008-0118	P0008	replicate	R-P0008-GEO-052	replicate_type	R2	biological_or_technical_replicate	UNRESOLVED	unresolved	E-P0008-008|E-P0008-013	Do not map R1/R2 without an explicit label-to-type statement.	machine_extracted_pending_human_review	The paper states duplicate time courses but does not define label type.
RV-P0008-0119	P0008	batch	B-P0008-GEO-052	batch_date	2016-08-30	candidate_experimental_batch	UNRESOLVED	unresolved	E-P0008-008	A date-like alias is a candidate, not a verified batch.	machine_extracted_pending_human_review	Original alias preserved.
RV-P0008-0120	P0008	condition	C-P0008-GEO-052	author_condition_label	20160830-G2p-R2	author_condition_or_phase_alias	UNRESOLVED	unresolved	E-P0008-008|E-P0008-013	Preserve alias; require explicit per-GSM mapping for normalization.	machine_extracted_pending_human_review	No inference from token shape alone.
RV-P0008-0121	P0008	replicate	R-P0008-GEO-053	replicate_type	R2	biological_or_technical_replicate	UNRESOLVED	unresolved	E-P0008-008|E-P0008-013	Do not map R1/R2 without an explicit label-to-type statement.	machine_extracted_pending_human_review	The paper states duplicate time courses but does not define label type.
RV-P0008-0122	P0008	batch	B-P0008-GEO-053	batch_date	2016-08-30	candidate_experimental_batch	UNRESOLVED	unresolved	E-P0008-008	A date-like alias is a candidate, not a verified batch.	machine_extracted_pending_human_review	Original alias preserved.
RV-P0008-0123	P0008	condition	C-P0008-GEO-053	author_condition_label	20160830-G2n-R2	author_condition_or_phase_alias	UNRESOLVED	unresolved	E-P0008-008|E-P0008-013	Preserve alias; require explicit per-GSM mapping for normalization.	machine_extracted_pending_human_review	No inference from token shape alone.
RV-P0008-0124	P0008	replicate	R-P0008-GEO-054	replicate_type	R2	biological_or_technical_replicate	UNRESOLVED	unresolved	E-P0008-008|E-P0008-013	Do not map R1/R2 without an explicit label-to-type statement.	machine_extracted_pending_human_review	The paper states duplicate time courses but does not define label type.
RV-P0008-0125	P0008	batch	B-P0008-GEO-054	batch_date	2016-08-30	candidate_experimental_batch	UNRESOLVED	unresolved	E-P0008-008	A date-like alias is a candidate, not a verified batch.	machine_extracted_pending_human_review	Original alias preserved.
RV-P0008-0126	P0008	replicate	R-P0008-GEO-055	replicate_type	R2	biological_or_technical_replicate	UNRESOLVED	unresolved	E-P0008-008|E-P0008-013	Do not map R1/R2 without an explicit label-to-type statement.	machine_extracted_pending_human_review	The paper states duplicate time courses but does not define label type.
RV-P0008-0127	P0008	batch	B-P0008-GEO-055	batch_date	2016-08-30	candidate_experimental_batch	UNRESOLVED	unresolved	E-P0008-008	A date-like alias is a candidate, not a verified batch.	machine_extracted_pending_human_review	Original alias preserved.
RV-P0008-0128	P0008	replicate	R-P0008-GEO-056	replicate_type	R2	biological_or_technical_replicate	UNRESOLVED	unresolved	E-P0008-008|E-P0008-013	Do not map R1/R2 without an explicit label-to-type statement.	machine_extracted_pending_human_review	The paper states duplicate time courses but does not define label type.
RV-P0008-0129	P0008	batch	B-P0008-GEO-056	batch_date	2016-08-30	candidate_experimental_batch	UNRESOLVED	unresolved	E-P0008-008	A date-like alias is a candidate, not a verified batch.	machine_extracted_pending_human_review	Original alias preserved.
RV-P0008-0130	P0008	replicate	R-P0008-GEO-057	replicate_type	R2	biological_or_technical_replicate	UNRESOLVED	unresolved	E-P0008-008|E-P0008-013	Do not map R1/R2 without an explicit label-to-type statement.	machine_extracted_pending_human_review	The paper states duplicate time courses but does not define label type.
RV-P0008-0131	P0008	batch	B-P0008-GEO-057	batch_date	2016-08-30	candidate_experimental_batch	UNRESOLVED	unresolved	E-P0008-008	A date-like alias is a candidate, not a verified batch.	machine_extracted_pending_human_review	Original alias preserved.
RV-P0008-0132	P0008	condition	C-P0008-GEO-057	author_condition_label	20160830-30m-R2	possible_nocodazole_related_collection	partial_context_only	partially_verified	E-P0008-008|E-P0008-013	Preserve alias; require explicit per-GSM mapping for normalization.	machine_extracted_pending_human_review	No inference from token shape alone.
RV-P0008-0133	P0008	replicate	R-P0008-GEO-058	replicate_type	R2	biological_or_technical_replicate	UNRESOLVED	unresolved	E-P0008-008|E-P0008-013	Do not map R1/R2 without an explicit label-to-type statement.	machine_extracted_pending_human_review	The paper states duplicate time courses but does not define label type.
RV-P0008-0134	P0008	batch	B-P0008-GEO-058	batch_date	2016-08-30	candidate_experimental_batch	UNRESOLVED	unresolved	E-P0008-008	A date-like alias is a candidate, not a verified batch.	machine_extracted_pending_human_review	Original alias preserved.
RV-P0008-0135	P0008	replicate	R-P0008-GEO-059	replicate_type	NR	not_applicable	NA	not_applicable	E-P0008-008|E-P0008-013	Do not map R1/R2 without an explicit label-to-type statement.	machine_extracted_pending_human_review	The paper states duplicate time courses but does not define label type.
RV-P0008-0136	P0008	batch	B-P0008-GEO-059	batch_date	NR	not_applicable	NA	not_applicable	E-P0008-008	A date-like alias is a candidate, not a verified batch.	machine_extracted_pending_human_review	Original alias preserved.
RV-P0008-0137	P0008	replicate	R-P0008-GEO-060	replicate_type	NR	not_applicable	NA	not_applicable	E-P0008-008|E-P0008-013	Do not map R1/R2 without an explicit label-to-type statement.	machine_extracted_pending_human_review	The paper states duplicate time courses but does not define label type.
RV-P0008-0138	P0008	batch	B-P0008-GEO-060	batch_date	NR	not_applicable	NA	not_applicable	E-P0008-008	A date-like alias is a candidate, not a verified batch.	machine_extracted_pending_human_review	Original alias preserved.
RV-P0008-0139	P0008	archive_sample	AS-P0008-059	biological_sample_origin_status	reused_from_prior_study	reused_from_prior_study	reused_from_prior_study	verified	E-P0008-011|E-P0008-013	Use layered provenance; do not collapse sample, library, sequencing and analysis origin.	machine_extracted_pending_human_review	Individual library/sequencing assignment remains unresolved where stated.
RV-P0008-0140	P0008	archive_sample	AS-P0008-059	library_origin_status	UNRESOLVED	UNRESOLVED	UNRESOLVED	unresolved	E-P0008-011|E-P0008-013	Use layered provenance; do not collapse sample, library, sequencing and analysis origin.	machine_extracted_pending_human_review	Individual library/sequencing assignment remains unresolved where stated.
RV-P0008-0141	P0008	archive_sample	AS-P0008-059	sequencing_generation_status	mixed_or_additional_unassigned	mixed_or_additional_unassigned	mixed_or_additional_unassigned	unresolved	E-P0008-011|E-P0008-013	Use layered provenance; do not collapse sample, library, sequencing and analysis origin.	machine_extracted_pending_human_review	Individual library/sequencing assignment remains unresolved where stated.
RV-P0008-0142	P0008	archive_sample	AS-P0008-059	analysis_usage_status	reanalyzed_prior_data	reanalyzed_prior_data	reanalyzed_prior_data	verified	E-P0008-011|E-P0008-013	Use layered provenance; do not collapse sample, library, sequencing and analysis origin.	machine_extracted_pending_human_review	Individual library/sequencing assignment remains unresolved where stated.
RV-P0008-0143	P0008	archive_sample	AS-P0008-060	biological_sample_origin_status	reused_from_prior_study	reused_from_prior_study	reused_from_prior_study	verified	E-P0008-011|E-P0008-013	Use layered provenance; do not collapse sample, library, sequencing and analysis origin.	machine_extracted_pending_human_review	Individual library/sequencing assignment remains unresolved where stated.
RV-P0008-0144	P0008	archive_sample	AS-P0008-060	library_origin_status	UNRESOLVED	UNRESOLVED	UNRESOLVED	unresolved	E-P0008-011|E-P0008-013	Use layered provenance; do not collapse sample, library, sequencing and analysis origin.	machine_extracted_pending_human_review	Individual library/sequencing assignment remains unresolved where stated.
RV-P0008-0145	P0008	archive_sample	AS-P0008-060	sequencing_generation_status	mixed_or_additional_unassigned	mixed_or_additional_unassigned	mixed_or_additional_unassigned	unresolved	E-P0008-011|E-P0008-013	Use layered provenance; do not collapse sample, library, sequencing and analysis origin.	machine_extracted_pending_human_review	Individual library/sequencing assignment remains unresolved where stated.
RV-P0008-0146	P0008	archive_sample	AS-P0008-060	analysis_usage_status	reanalyzed_prior_data	reanalyzed_prior_data	reanalyzed_prior_data	verified	E-P0008-011|E-P0008-013	Use layered provenance; do not collapse sample, library, sequencing and analysis origin.	machine_extracted_pending_human_review	Individual library/sequencing assignment remains unresolved where stated.
RV-P0008-0147	P0008	sra_run	SRR5939685	sequencing_generation_status	GSM2745897_r1	prior_or_deeper_sequencing_unassigned	UNRESOLVED	unresolved	E-P0008-009|E-P0008-011|E-P0008-013	Do not infer sequencing generation from run alias or accession order.	machine_extracted_pending_human_review	All HeLa runs remain individually unresolved.
RV-P0008-0148	P0008	sra_run	SRR5939686	sequencing_generation_status	GSM2745897_r10	prior_or_deeper_sequencing_unassigned	UNRESOLVED	unresolved	E-P0008-009|E-P0008-011|E-P0008-013	Do not infer sequencing generation from run alias or accession order.	machine_extracted_pending_human_review	All HeLa runs remain individually unresolved.
RV-P0008-0149	P0008	sra_run	SRR5939687	sequencing_generation_status	GSM2745897_r11	prior_or_deeper_sequencing_unassigned	UNRESOLVED	unresolved	E-P0008-009|E-P0008-011|E-P0008-013	Do not infer sequencing generation from run alias or accession order.	machine_extracted_pending_human_review	All HeLa runs remain individually unresolved.
RV-P0008-0150	P0008	sra_run	SRR5939688	sequencing_generation_status	GSM2745897_r12	prior_or_deeper_sequencing_unassigned	UNRESOLVED	unresolved	E-P0008-009|E-P0008-011|E-P0008-013	Do not infer sequencing generation from run alias or accession order.	machine_extracted_pending_human_review	All HeLa runs remain individually unresolved.
RV-P0008-0151	P0008	sra_run	SRR5939689	sequencing_generation_status	GSM2745897_r13	prior_or_deeper_sequencing_unassigned	UNRESOLVED	unresolved	E-P0008-009|E-P0008-011|E-P0008-013	Do not infer sequencing generation from run alias or accession order.	machine_extracted_pending_human_review	All HeLa runs remain individually unresolved.
RV-P0008-0152	P0008	sra_run	SRR5939690	sequencing_generation_status	GSM2745897_r14	prior_or_deeper_sequencing_unassigned	UNRESOLVED	unresolved	E-P0008-009|E-P0008-011|E-P0008-013	Do not infer sequencing generation from run alias or accession order.	machine_extracted_pending_human_review	All HeLa runs remain individually unresolved.
RV-P0008-0153	P0008	sra_run	SRR5939691	sequencing_generation_status	GSM2745897_r15	prior_or_deeper_sequencing_unassigned	UNRESOLVED	unresolved	E-P0008-009|E-P0008-011|E-P0008-013	Do not infer sequencing generation from run alias or accession order.	machine_extracted_pending_human_review	All HeLa runs remain individually unresolved.
RV-P0008-0154	P0008	sra_run	SRR5939692	sequencing_generation_status	GSM2745897_r16	prior_or_deeper_sequencing_unassigned	UNRESOLVED	unresolved	E-P0008-009|E-P0008-011|E-P0008-013	Do not infer sequencing generation from run alias or accession order.	machine_extracted_pending_human_review	All HeLa runs remain individually unresolved.
RV-P0008-0155	P0008	sra_run	SRR5939693	sequencing_generation_status	GSM2745897_r17	prior_or_deeper_sequencing_unassigned	UNRESOLVED	unresolved	E-P0008-009|E-P0008-011|E-P0008-013	Do not infer sequencing generation from run alias or accession order.	machine_extracted_pending_human_review	All HeLa runs remain individually unresolved.
RV-P0008-0156	P0008	sra_run	SRR5939694	sequencing_generation_status	GSM2745897_r18	prior_or_deeper_sequencing_unassigned	UNRESOLVED	unresolved	E-P0008-009|E-P0008-011|E-P0008-013	Do not infer sequencing generation from run alias or accession order.	machine_extracted_pending_human_review	All HeLa runs remain individually unresolved.
RV-P0008-0157	P0008	sra_run	SRR5939695	sequencing_generation_status	GSM2745897_r19	prior_or_deeper_sequencing_unassigned	UNRESOLVED	unresolved	E-P0008-009|E-P0008-011|E-P0008-013	Do not infer sequencing generation from run alias or accession order.	machine_extracted_pending_human_review	All HeLa runs remain individually unresolved.
RV-P0008-0158	P0008	sra_run	SRR5939696	sequencing_generation_status	GSM2745897_r2	prior_or_deeper_sequencing_unassigned	UNRESOLVED	unresolved	E-P0008-009|E-P0008-011|E-P0008-013	Do not infer sequencing generation from run alias or accession order.	machine_extracted_pending_human_review	All HeLa runs remain individually unresolved.
RV-P0008-0159	P0008	sra_run	SRR5939697	sequencing_generation_status	GSM2745897_r20	prior_or_deeper_sequencing_unassigned	UNRESOLVED	unresolved	E-P0008-009|E-P0008-011|E-P0008-013	Do not infer sequencing generation from run alias or accession order.	machine_extracted_pending_human_review	All HeLa runs remain individually unresolved.
RV-P0008-0160	P0008	sra_run	SRR5939698	sequencing_generation_status	GSM2745897_r21	prior_or_deeper_sequencing_unassigned	UNRESOLVED	unresolved	E-P0008-009|E-P0008-011|E-P0008-013	Do not infer sequencing generation from run alias or accession order.	machine_extracted_pending_human_review	All HeLa runs remain individually unresolved.
RV-P0008-0161	P0008	sra_run	SRR5939699	sequencing_generation_status	GSM2745897_r22	prior_or_deeper_sequencing_unassigned	UNRESOLVED	unresolved	E-P0008-009|E-P0008-011|E-P0008-013	Do not infer sequencing generation from run alias or accession order.	machine_extracted_pending_human_review	All HeLa runs remain individually unresolved.
RV-P0008-0162	P0008	sra_run	SRR5939700	sequencing_generation_status	GSM2745897_r23	prior_or_deeper_sequencing_unassigned	UNRESOLVED	unresolved	E-P0008-009|E-P0008-011|E-P0008-013	Do not infer sequencing generation from run alias or accession order.	machine_extracted_pending_human_review	All HeLa runs remain individually unresolved.
RV-P0008-0163	P0008	sra_run	SRR5939701	sequencing_generation_status	GSM2745897_r24	prior_or_deeper_sequencing_unassigned	UNRESOLVED	unresolved	E-P0008-009|E-P0008-011|E-P0008-013	Do not infer sequencing generation from run alias or accession order.	machine_extracted_pending_human_review	All HeLa runs remain individually unresolved.
RV-P0008-0164	P0008	sra_run	SRR5939702	sequencing_generation_status	GSM2745897_r25	prior_or_deeper_sequencing_unassigned	UNRESOLVED	unresolved	E-P0008-009|E-P0008-011|E-P0008-013	Do not infer sequencing generation from run alias or accession order.	machine_extracted_pending_human_review	All HeLa runs remain individually unresolved.
RV-P0008-0165	P0008	sra_run	SRR5939703	sequencing_generation_status	GSM2745897_r26	prior_or_deeper_sequencing_unassigned	UNRESOLVED	unresolved	E-P0008-009|E-P0008-011|E-P0008-013	Do not infer sequencing generation from run alias or accession order.	machine_extracted_pending_human_review	All HeLa runs remain individually unresolved.
RV-P0008-0166	P0008	sra_run	SRR5939704	sequencing_generation_status	GSM2745897_r27	prior_or_deeper_sequencing_unassigned	UNRESOLVED	unresolved	E-P0008-009|E-P0008-011|E-P0008-013	Do not infer sequencing generation from run alias or accession order.	machine_extracted_pending_human_review	All HeLa runs remain individually unresolved.
RV-P0008-0167	P0008	sra_run	SRR5939705	sequencing_generation_status	GSM2745897_r28	prior_or_deeper_sequencing_unassigned	UNRESOLVED	unresolved	E-P0008-009|E-P0008-011|E-P0008-013	Do not infer sequencing generation from run alias or accession order.	machine_extracted_pending_human_review	All HeLa runs remain individually unresolved.
RV-P0008-0168	P0008	sra_run	SRR5939706	sequencing_generation_status	GSM2745897_r29	prior_or_deeper_sequencing_unassigned	UNRESOLVED	unresolved	E-P0008-009|E-P0008-011|E-P0008-013	Do not infer sequencing generation from run alias or accession order.	machine_extracted_pending_human_review	All HeLa runs remain individually unresolved.
RV-P0008-0169	P0008	sra_run	SRR5939707	sequencing_generation_status	GSM2745897_r3	prior_or_deeper_sequencing_unassigned	UNRESOLVED	unresolved	E-P0008-009|E-P0008-011|E-P0008-013	Do not infer sequencing generation from run alias or accession order.	machine_extracted_pending_human_review	All HeLa runs remain individually unresolved.
RV-P0008-0170	P0008	sra_run	SRR5939708	sequencing_generation_status	GSM2745897_r30	prior_or_deeper_sequencing_unassigned	UNRESOLVED	unresolved	E-P0008-009|E-P0008-011|E-P0008-013	Do not infer sequencing generation from run alias or accession order.	machine_extracted_pending_human_review	All HeLa runs remain individually unresolved.
RV-P0008-0171	P0008	sra_run	SRR5939709	sequencing_generation_status	GSM2745897_r31	prior_or_deeper_sequencing_unassigned	UNRESOLVED	unresolved	E-P0008-009|E-P0008-011|E-P0008-013	Do not infer sequencing generation from run alias or accession order.	machine_extracted_pending_human_review	All HeLa runs remain individually unresolved.
RV-P0008-0172	P0008	sra_run	SRR5939710	sequencing_generation_status	GSM2745897_r32	prior_or_deeper_sequencing_unassigned	UNRESOLVED	unresolved	E-P0008-009|E-P0008-011|E-P0008-013	Do not infer sequencing generation from run alias or accession order.	machine_extracted_pending_human_review	All HeLa runs remain individually unresolved.
RV-P0008-0173	P0008	sra_run	SRR5939711	sequencing_generation_status	GSM2745897_r33	prior_or_deeper_sequencing_unassigned	UNRESOLVED	unresolved	E-P0008-009|E-P0008-011|E-P0008-013	Do not infer sequencing generation from run alias or accession order.	machine_extracted_pending_human_review	All HeLa runs remain individually unresolved.
RV-P0008-0174	P0008	sra_run	SRR5939712	sequencing_generation_status	GSM2745897_r34	prior_or_deeper_sequencing_unassigned	UNRESOLVED	unresolved	E-P0008-009|E-P0008-011|E-P0008-013	Do not infer sequencing generation from run alias or accession order.	machine_extracted_pending_human_review	All HeLa runs remain individually unresolved.
RV-P0008-0175	P0008	sra_run	SRR5939713	sequencing_generation_status	GSM2745897_r35	prior_or_deeper_sequencing_unassigned	UNRESOLVED	unresolved	E-P0008-009|E-P0008-011|E-P0008-013	Do not infer sequencing generation from run alias or accession order.	machine_extracted_pending_human_review	All HeLa runs remain individually unresolved.
RV-P0008-0176	P0008	sra_run	SRR5939714	sequencing_generation_status	GSM2745897_r36	prior_or_deeper_sequencing_unassigned	UNRESOLVED	unresolved	E-P0008-009|E-P0008-011|E-P0008-013	Do not infer sequencing generation from run alias or accession order.	machine_extracted_pending_human_review	All HeLa runs remain individually unresolved.
RV-P0008-0177	P0008	sra_run	SRR5939715	sequencing_generation_status	GSM2745897_r37	prior_or_deeper_sequencing_unassigned	UNRESOLVED	unresolved	E-P0008-009|E-P0008-011|E-P0008-013	Do not infer sequencing generation from run alias or accession order.	machine_extracted_pending_human_review	All HeLa runs remain individually unresolved.
RV-P0008-0178	P0008	sra_run	SRR5939716	sequencing_generation_status	GSM2745897_r38	prior_or_deeper_sequencing_unassigned	UNRESOLVED	unresolved	E-P0008-009|E-P0008-011|E-P0008-013	Do not infer sequencing generation from run alias or accession order.	machine_extracted_pending_human_review	All HeLa runs remain individually unresolved.
RV-P0008-0179	P0008	sra_run	SRR5939717	sequencing_generation_status	GSM2745897_r39	prior_or_deeper_sequencing_unassigned	UNRESOLVED	unresolved	E-P0008-009|E-P0008-011|E-P0008-013	Do not infer sequencing generation from run alias or accession order.	machine_extracted_pending_human_review	All HeLa runs remain individually unresolved.
RV-P0008-0180	P0008	sra_run	SRR5939718	sequencing_generation_status	GSM2745897_r4	prior_or_deeper_sequencing_unassigned	UNRESOLVED	unresolved	E-P0008-009|E-P0008-011|E-P0008-013	Do not infer sequencing generation from run alias or accession order.	machine_extracted_pending_human_review	All HeLa runs remain individually unresolved.
RV-P0008-0181	P0008	sra_run	SRR5939719	sequencing_generation_status	GSM2745897_r40	prior_or_deeper_sequencing_unassigned	UNRESOLVED	unresolved	E-P0008-009|E-P0008-011|E-P0008-013	Do not infer sequencing generation from run alias or accession order.	machine_extracted_pending_human_review	All HeLa runs remain individually unresolved.
RV-P0008-0182	P0008	sra_run	SRR5939720	sequencing_generation_status	GSM2745897_r41	prior_or_deeper_sequencing_unassigned	UNRESOLVED	unresolved	E-P0008-009|E-P0008-011|E-P0008-013	Do not infer sequencing generation from run alias or accession order.	machine_extracted_pending_human_review	All HeLa runs remain individually unresolved.
RV-P0008-0183	P0008	sra_run	SRR5939721	sequencing_generation_status	GSM2745897_r42	prior_or_deeper_sequencing_unassigned	UNRESOLVED	unresolved	E-P0008-009|E-P0008-011|E-P0008-013	Do not infer sequencing generation from run alias or accession order.	machine_extracted_pending_human_review	All HeLa runs remain individually unresolved.
RV-P0008-0184	P0008	sra_run	SRR5939722	sequencing_generation_status	GSM2745897_r43	prior_or_deeper_sequencing_unassigned	UNRESOLVED	unresolved	E-P0008-009|E-P0008-011|E-P0008-013	Do not infer sequencing generation from run alias or accession order.	machine_extracted_pending_human_review	All HeLa runs remain individually unresolved.
RV-P0008-0185	P0008	sra_run	SRR5939723	sequencing_generation_status	GSM2745897_r44	prior_or_deeper_sequencing_unassigned	UNRESOLVED	unresolved	E-P0008-009|E-P0008-011|E-P0008-013	Do not infer sequencing generation from run alias or accession order.	machine_extracted_pending_human_review	All HeLa runs remain individually unresolved.
RV-P0008-0186	P0008	sra_run	SRR5939724	sequencing_generation_status	GSM2745897_r45	prior_or_deeper_sequencing_unassigned	UNRESOLVED	unresolved	E-P0008-009|E-P0008-011|E-P0008-013	Do not infer sequencing generation from run alias or accession order.	machine_extracted_pending_human_review	All HeLa runs remain individually unresolved.
RV-P0008-0187	P0008	sra_run	SRR5939725	sequencing_generation_status	GSM2745897_r46	prior_or_deeper_sequencing_unassigned	UNRESOLVED	unresolved	E-P0008-009|E-P0008-011|E-P0008-013	Do not infer sequencing generation from run alias or accession order.	machine_extracted_pending_human_review	All HeLa runs remain individually unresolved.
RV-P0008-0188	P0008	sra_run	SRR5939726	sequencing_generation_status	GSM2745897_r47	prior_or_deeper_sequencing_unassigned	UNRESOLVED	unresolved	E-P0008-009|E-P0008-011|E-P0008-013	Do not infer sequencing generation from run alias or accession order.	machine_extracted_pending_human_review	All HeLa runs remain individually unresolved.
RV-P0008-0189	P0008	sra_run	SRR5939727	sequencing_generation_status	GSM2745897_r48	prior_or_deeper_sequencing_unassigned	UNRESOLVED	unresolved	E-P0008-009|E-P0008-011|E-P0008-013	Do not infer sequencing generation from run alias or accession order.	machine_extracted_pending_human_review	All HeLa runs remain individually unresolved.
RV-P0008-0190	P0008	sra_run	SRR5939728	sequencing_generation_status	GSM2745897_r49	prior_or_deeper_sequencing_unassigned	UNRESOLVED	unresolved	E-P0008-009|E-P0008-011|E-P0008-013	Do not infer sequencing generation from run alias or accession order.	machine_extracted_pending_human_review	All HeLa runs remain individually unresolved.
RV-P0008-0191	P0008	sra_run	SRR5939729	sequencing_generation_status	GSM2745897_r5	prior_or_deeper_sequencing_unassigned	UNRESOLVED	unresolved	E-P0008-009|E-P0008-011|E-P0008-013	Do not infer sequencing generation from run alias or accession order.	machine_extracted_pending_human_review	All HeLa runs remain individually unresolved.
RV-P0008-0192	P0008	sra_run	SRR5939730	sequencing_generation_status	GSM2745897_r50	prior_or_deeper_sequencing_unassigned	UNRESOLVED	unresolved	E-P0008-009|E-P0008-011|E-P0008-013	Do not infer sequencing generation from run alias or accession order.	machine_extracted_pending_human_review	All HeLa runs remain individually unresolved.
RV-P0008-0193	P0008	sra_run	SRR5939731	sequencing_generation_status	GSM2745897_r51	prior_or_deeper_sequencing_unassigned	UNRESOLVED	unresolved	E-P0008-009|E-P0008-011|E-P0008-013	Do not infer sequencing generation from run alias or accession order.	machine_extracted_pending_human_review	All HeLa runs remain individually unresolved.
RV-P0008-0194	P0008	sra_run	SRR5939732	sequencing_generation_status	GSM2745897_r52	prior_or_deeper_sequencing_unassigned	UNRESOLVED	unresolved	E-P0008-009|E-P0008-011|E-P0008-013	Do not infer sequencing generation from run alias or accession order.	machine_extracted_pending_human_review	All HeLa runs remain individually unresolved.
RV-P0008-0195	P0008	sra_run	SRR5939733	sequencing_generation_status	GSM2745897_r53	prior_or_deeper_sequencing_unassigned	UNRESOLVED	unresolved	E-P0008-009|E-P0008-011|E-P0008-013	Do not infer sequencing generation from run alias or accession order.	machine_extracted_pending_human_review	All HeLa runs remain individually unresolved.
RV-P0008-0196	P0008	sra_run	SRR5939734	sequencing_generation_status	GSM2745897_r54	prior_or_deeper_sequencing_unassigned	UNRESOLVED	unresolved	E-P0008-009|E-P0008-011|E-P0008-013	Do not infer sequencing generation from run alias or accession order.	machine_extracted_pending_human_review	All HeLa runs remain individually unresolved.
RV-P0008-0197	P0008	sra_run	SRR5939735	sequencing_generation_status	GSM2745897_r55	prior_or_deeper_sequencing_unassigned	UNRESOLVED	unresolved	E-P0008-009|E-P0008-011|E-P0008-013	Do not infer sequencing generation from run alias or accession order.	machine_extracted_pending_human_review	All HeLa runs remain individually unresolved.
RV-P0008-0198	P0008	sra_run	SRR5939736	sequencing_generation_status	GSM2745897_r56	prior_or_deeper_sequencing_unassigned	UNRESOLVED	unresolved	E-P0008-009|E-P0008-011|E-P0008-013	Do not infer sequencing generation from run alias or accession order.	machine_extracted_pending_human_review	All HeLa runs remain individually unresolved.
RV-P0008-0199	P0008	sra_run	SRR5939737	sequencing_generation_status	GSM2745897_r57	prior_or_deeper_sequencing_unassigned	UNRESOLVED	unresolved	E-P0008-009|E-P0008-011|E-P0008-013	Do not infer sequencing generation from run alias or accession order.	machine_extracted_pending_human_review	All HeLa runs remain individually unresolved.
RV-P0008-0200	P0008	sra_run	SRR5939738	sequencing_generation_status	GSM2745897_r58	prior_or_deeper_sequencing_unassigned	UNRESOLVED	unresolved	E-P0008-009|E-P0008-011|E-P0008-013	Do not infer sequencing generation from run alias or accession order.	machine_extracted_pending_human_review	All HeLa runs remain individually unresolved.
RV-P0008-0201	P0008	sra_run	SRR5939739	sequencing_generation_status	GSM2745897_r59	prior_or_deeper_sequencing_unassigned	UNRESOLVED	unresolved	E-P0008-009|E-P0008-011|E-P0008-013	Do not infer sequencing generation from run alias or accession order.	machine_extracted_pending_human_review	All HeLa runs remain individually unresolved.
RV-P0008-0202	P0008	sra_run	SRR5939740	sequencing_generation_status	GSM2745897_r6	prior_or_deeper_sequencing_unassigned	UNRESOLVED	unresolved	E-P0008-009|E-P0008-011|E-P0008-013	Do not infer sequencing generation from run alias or accession order.	machine_extracted_pending_human_review	All HeLa runs remain individually unresolved.
RV-P0008-0203	P0008	sra_run	SRR5939741	sequencing_generation_status	GSM2745897_r60	prior_or_deeper_sequencing_unassigned	UNRESOLVED	unresolved	E-P0008-009|E-P0008-011|E-P0008-013	Do not infer sequencing generation from run alias or accession order.	machine_extracted_pending_human_review	All HeLa runs remain individually unresolved.
RV-P0008-0204	P0008	sra_run	SRR5939742	sequencing_generation_status	GSM2745897_r61	prior_or_deeper_sequencing_unassigned	UNRESOLVED	unresolved	E-P0008-009|E-P0008-011|E-P0008-013	Do not infer sequencing generation from run alias or accession order.	machine_extracted_pending_human_review	All HeLa runs remain individually unresolved.
RV-P0008-0205	P0008	sra_run	SRR5939743	sequencing_generation_status	GSM2745897_r62	prior_or_deeper_sequencing_unassigned	UNRESOLVED	unresolved	E-P0008-009|E-P0008-011|E-P0008-013	Do not infer sequencing generation from run alias or accession order.	machine_extracted_pending_human_review	All HeLa runs remain individually unresolved.
RV-P0008-0206	P0008	sra_run	SRR5939744	sequencing_generation_status	GSM2745897_r63	prior_or_deeper_sequencing_unassigned	UNRESOLVED	unresolved	E-P0008-009|E-P0008-011|E-P0008-013	Do not infer sequencing generation from run alias or accession order.	machine_extracted_pending_human_review	All HeLa runs remain individually unresolved.
RV-P0008-0207	P0008	sra_run	SRR5939745	sequencing_generation_status	GSM2745897_r64	prior_or_deeper_sequencing_unassigned	UNRESOLVED	unresolved	E-P0008-009|E-P0008-011|E-P0008-013	Do not infer sequencing generation from run alias or accession order.	machine_extracted_pending_human_review	All HeLa runs remain individually unresolved.
RV-P0008-0208	P0008	sra_run	SRR5939746	sequencing_generation_status	GSM2745897_r65	prior_or_deeper_sequencing_unassigned	UNRESOLVED	unresolved	E-P0008-009|E-P0008-011|E-P0008-013	Do not infer sequencing generation from run alias or accession order.	machine_extracted_pending_human_review	All HeLa runs remain individually unresolved.
RV-P0008-0209	P0008	sra_run	SRR5939747	sequencing_generation_status	GSM2745897_r66	prior_or_deeper_sequencing_unassigned	UNRESOLVED	unresolved	E-P0008-009|E-P0008-011|E-P0008-013	Do not infer sequencing generation from run alias or accession order.	machine_extracted_pending_human_review	All HeLa runs remain individually unresolved.
RV-P0008-0210	P0008	sra_run	SRR5939748	sequencing_generation_status	GSM2745897_r67	prior_or_deeper_sequencing_unassigned	UNRESOLVED	unresolved	E-P0008-009|E-P0008-011|E-P0008-013	Do not infer sequencing generation from run alias or accession order.	machine_extracted_pending_human_review	All HeLa runs remain individually unresolved.
RV-P0008-0211	P0008	sra_run	SRR5939749	sequencing_generation_status	GSM2745897_r68	prior_or_deeper_sequencing_unassigned	UNRESOLVED	unresolved	E-P0008-009|E-P0008-011|E-P0008-013	Do not infer sequencing generation from run alias or accession order.	machine_extracted_pending_human_review	All HeLa runs remain individually unresolved.
RV-P0008-0212	P0008	sra_run	SRR5939750	sequencing_generation_status	GSM2745897_r69	prior_or_deeper_sequencing_unassigned	UNRESOLVED	unresolved	E-P0008-009|E-P0008-011|E-P0008-013	Do not infer sequencing generation from run alias or accession order.	machine_extracted_pending_human_review	All HeLa runs remain individually unresolved.
RV-P0008-0213	P0008	sra_run	SRR5939751	sequencing_generation_status	GSM2745897_r7	prior_or_deeper_sequencing_unassigned	UNRESOLVED	unresolved	E-P0008-009|E-P0008-011|E-P0008-013	Do not infer sequencing generation from run alias or accession order.	machine_extracted_pending_human_review	All HeLa runs remain individually unresolved.
RV-P0008-0214	P0008	sra_run	SRR5939752	sequencing_generation_status	GSM2745897_r70	prior_or_deeper_sequencing_unassigned	UNRESOLVED	unresolved	E-P0008-009|E-P0008-011|E-P0008-013	Do not infer sequencing generation from run alias or accession order.	machine_extracted_pending_human_review	All HeLa runs remain individually unresolved.
RV-P0008-0215	P0008	sra_run	SRR5939753	sequencing_generation_status	GSM2745897_r71	prior_or_deeper_sequencing_unassigned	UNRESOLVED	unresolved	E-P0008-009|E-P0008-011|E-P0008-013	Do not infer sequencing generation from run alias or accession order.	machine_extracted_pending_human_review	All HeLa runs remain individually unresolved.
RV-P0008-0216	P0008	sra_run	SRR5939754	sequencing_generation_status	GSM2745897_r72	prior_or_deeper_sequencing_unassigned	UNRESOLVED	unresolved	E-P0008-009|E-P0008-011|E-P0008-013	Do not infer sequencing generation from run alias or accession order.	machine_extracted_pending_human_review	All HeLa runs remain individually unresolved.
RV-P0008-0217	P0008	sra_run	SRR5939755	sequencing_generation_status	GSM2745897_r73	prior_or_deeper_sequencing_unassigned	UNRESOLVED	unresolved	E-P0008-009|E-P0008-011|E-P0008-013	Do not infer sequencing generation from run alias or accession order.	machine_extracted_pending_human_review	All HeLa runs remain individually unresolved.
RV-P0008-0218	P0008	sra_run	SRR5939756	sequencing_generation_status	GSM2745897_r74	prior_or_deeper_sequencing_unassigned	UNRESOLVED	unresolved	E-P0008-009|E-P0008-011|E-P0008-013	Do not infer sequencing generation from run alias or accession order.	machine_extracted_pending_human_review	All HeLa runs remain individually unresolved.
RV-P0008-0219	P0008	sra_run	SRR5939757	sequencing_generation_status	GSM2745897_r75	prior_or_deeper_sequencing_unassigned	UNRESOLVED	unresolved	E-P0008-009|E-P0008-011|E-P0008-013	Do not infer sequencing generation from run alias or accession order.	machine_extracted_pending_human_review	All HeLa runs remain individually unresolved.
RV-P0008-0220	P0008	sra_run	SRR5939758	sequencing_generation_status	GSM2745897_r8	prior_or_deeper_sequencing_unassigned	UNRESOLVED	unresolved	E-P0008-009|E-P0008-011|E-P0008-013	Do not infer sequencing generation from run alias or accession order.	machine_extracted_pending_human_review	All HeLa runs remain individually unresolved.
RV-P0008-0221	P0008	sra_run	SRR5939759	sequencing_generation_status	GSM2745897_r9	prior_or_deeper_sequencing_unassigned	UNRESOLVED	unresolved	E-P0008-009|E-P0008-011|E-P0008-013	Do not infer sequencing generation from run alias or accession order.	machine_extracted_pending_human_review	All HeLa runs remain individually unresolved.
RV-P0008-0222	P0008	sra_run	SRR5939760	sequencing_generation_status	GSM2745898_r1	prior_or_deeper_sequencing_unassigned	UNRESOLVED	unresolved	E-P0008-009|E-P0008-011|E-P0008-013	Do not infer sequencing generation from run alias or accession order.	machine_extracted_pending_human_review	All HeLa runs remain individually unresolved.
RV-P0008-0223	P0008	source_query	Q0008	legacy_record_id	AC-P0008-004	failed_query_history	historical_migrated	verified	E-P0008-007	Failed queries belong in source_queries, never accession entities.	machine_extracted_pending_human_review	Historical identifier retained for auditability.
RV-P0001-0001	P0001	experiment	EX-P0001-001	replicate_type	NR	biological_or_technical_replicate_unknown	UNRESOLVED	unresolved	E-P0001-001	Do not infer replicate type from paper title or assay name.	machine_extracted_pending_human_review	Requires supplementary tables or author methods.
RV-P0001-0002	P0001	accession	AC-P0001-002	run_level_mapping	ERP004055	ENA study may contain run-level records	run_level_deferred	partially_verified	E-P0001-002	Study accession is verified, but SRR/ERR expansion was outside this round.	machine_extracted_pending_human_review	No FASTQ/SRA payload downloaded.
RV-P0009-0001	P0009	sample_timepoint	P0009_STAGE_RELEASE_RULE	sampling_time	prometa|ana.telo|early-G1|mid-G1|late-G1	0|25|60|120|240 min after nocodazole release	verified	verified	E-P0009-003	Use GEO Treatment-Protocol explicit mapping; do not infer any additional stages beyond the listed mapping.	machine_extracted_pending_human_review	Applies only to stage-labelled synchronized samples.
RV-P0009-0002	P0009	sample_timepoint	P0009_ASYN_RULE	sampling_time	asyn	post-release time point	NR	not_applicable	E-P0009-003	Do not place asynchronous samples on the nocodazole-release timeline.	machine_extracted_pending_human_review	asyn remains an asynchronous comparator with NR sampling_time and NA time zero.
RV-P0009-0003	P0009	accession	P0009_CAPTUREC_RULE	library_strategy	OTHER	Capture-C	verified	verified	E-P0009-003|E-P0009-004	When GEO title begins with Capture-C and RunInfo reports OTHER, keep raw LibraryStrategy but expose assay_type as Capture-C in sample/run views.	machine_extracted_pending_human_review	Official metadata are sufficient for assay identity but not for bait locus identity.
RV-P0009-0004	P0009	accession	P0009_POLII_RULE	library_strategy	OTHER	ChIP-seq Pol II	verified	verified	E-P0009-003|E-P0009-004	When GEO title begins with ChIP-seq-PolII and RunInfo reports OTHER, preserve raw strategy but expose assay_type as ChIP-seq.	machine_extracted_pending_human_review	Assay label comes from official GEO title, not from guessed file naming.
RV-P0009-0005	P0009	condition	P0009_COMMD3_RULE	perturbation_technology	commd3_mutant	locus mutation or engineered mutant background	UNRESOLVED	unresolved	E-P0009-003	Keep the mutant label from official GEO title, but do not infer engineering technology or expected effect without explicit evidence.	machine_extracted_pending_human_review	condition and user catalog preserve commd3_mutant as raw sample label.
RV-P0012-0001	P0012	condition	auxin	perturbation_target	with_auxin/with_A	CTCF depletion via auxin-inducible degron	accepted_from_prior_pilot_evidence	verified	E-P0012-001|E-P0012-003	Use prior paper-level pilot evidence for target; sample assignment from GEO title.	machine_extracted_pending_human_review	Kept separate from ChIP detection_target.
RV-P0012-0002	P0012	condition	triptolide	perturbation_target	with_triptolide	transcription initiation inhibition	accepted_from_prior_pilot_evidence	verified	E-P0012-001|E-P0012-003	Use prior paper-level pilot evidence; do not replace with Pol II detection target.	machine_extracted_pending_human_review	Dose and validation remain NR in saved metadata.
RV-P0012-0003	P0012	accession	PRJNA706679	project_accession	PRJNA706679	declared/queried BioProject may expand to PRJNA706396 and PRJNA706676 in ENA read_run	UNRESOLVED	unresolved	E-P0012-004	Preserve ENA-returned study_accession per run and register declared-vs-returned mismatch.	needs_human_review	No silent project accession substitution.
