run_accession	study_accession	secondary_study_accession	experiment_accession	sample_accession	secondary_sample_accession	run_alias	experiment_alias	sample_alias	scientific_name	library_strategy	library_layout	instrument_platform	instrument_model	fastq_ftp	fastq_md5	fastq_bytes	submitted_ftp	submitted_md5	submitted_bytes
SRR27723043	PRJNA1068949	SRP485869	SRX23389009	SAMN39605695	SRS20250140	GSM8035613_r1	GSM8035613_r1	GSM8035613	Gallus gallus	ChIP-Seq	PAIRED	ILLUMINA	NextSeq 2000	ftp.sra.ebi.ac.uk/vol1/fastq/SRR277/043/SRR27723043/SRR27723043_1.fastq.gz;ftp.sra.ebi.ac.uk/vol1/fastq/SRR277/043/SRR27723043/SRR27723043_2.fastq.gz	2b0c8393f8076b59f6c09e19fb1d7b10;330d27717f685e8934fcd16447fa720a	1042145897;1040938212			
SRR27723054	PRJNA1068949	SRP485869	SRX23388998	SAMN39605706	SRS20250129	GSM8035602_r1	GSM8035602_r1	GSM8035602	Gallus gallus	ChIP-Seq	PAIRED	ILLUMINA	NextSeq 2000	ftp.sra.ebi.ac.uk/vol1/fastq/SRR277/054/SRR27723054/SRR27723054_1.fastq.gz;ftp.sra.ebi.ac.uk/vol1/fastq/SRR277/054/SRR27723054/SRR27723054_2.fastq.gz	70167b1269012be3bfefa8fe2273bff4;a722157ac92a307bd43937e70d3a9242	1126950316;1125528953			
SRR27723060	PRJNA1068949	SRP485869	SRX23388992	SAMN39605712	SRS20250123	GSM8035596_r1	GSM8035596_r1	GSM8035596	Gallus gallus	ChIP-Seq	PAIRED	ILLUMINA	NextSeq 2000	ftp.sra.ebi.ac.uk/vol1/fastq/SRR277/060/SRR27723060/SRR27723060_1.fastq.gz;ftp.sra.ebi.ac.uk/vol1/fastq/SRR277/060/SRR27723060/SRR27723060_2.fastq.gz	558f504b00362859438f1b116cf3ecfb;93425d0d534e9dfadb53d0b1482fd9ff	1194500469;1193081947			
SRR27723063	PRJNA1068949	SRP485869	SRX23388989	SAMN39605715	SRS20250120	GSM8035593_r1	GSM8035593_r1	GSM8035593	Gallus gallus	ChIP-Seq	PAIRED	ILLUMINA	NextSeq 2000	ftp.sra.ebi.ac.uk/vol1/fastq/SRR277/063/SRR27723063/SRR27723063_1.fastq.gz;ftp.sra.ebi.ac.uk/vol1/fastq/SRR277/063/SRR27723063/SRR27723063_2.fastq.gz	c8391a8cce0861c6e99abdaaea8d2eed;bbb49935e03c010b348f0097a9e96ec8	1228503038;1226858762			
SRR27723064	PRJNA1068949	SRP485869	SRX23388988	SAMN39605716	SRS20250119	GSM8035592_r1	GSM8035592_r1	GSM8035592	Gallus gallus	ChIP-Seq	PAIRED	ILLUMINA	NextSeq 2000	ftp.sra.ebi.ac.uk/vol1/fastq/SRR277/064/SRR27723064/SRR27723064_1.fastq.gz;ftp.sra.ebi.ac.uk/vol1/fastq/SRR277/064/SRR27723064/SRR27723064_2.fastq.gz	1fb20b3a34d9283dd6fafca1e2ccdf19;d3116da0465b4fea6e43059e843b0f59	1004088392;1002534633			
SRR27723068	PRJNA1068949	SRP485869	SRX23388984	SAMN39605720	SRS20250115	GSM8035588_r1	GSM8035588_r1	GSM8035588	Gallus gallus	ChIP-Seq	PAIRED	ILLUMINA	NextSeq 2000	ftp.sra.ebi.ac.uk/vol1/fastq/SRR277/068/SRR27723068/SRR27723068_1.fastq.gz;ftp.sra.ebi.ac.uk/vol1/fastq/SRR277/068/SRR27723068/SRR27723068_2.fastq.gz	a32fc24a92c1153100c0837a3be751b5;ebb09b1a65c2bf901ba603f30d277f22	1342790439;1341237664			
SRR27723072	PRJNA1068948	SRP485870	SRX23389020	SAMN39610093	SRS20260346	GSM8035624_r1	GSM8035624_r1	GSM8035624	Gallus gallus	ChIP-Seq	PAIRED	ILLUMINA	Illumina NovaSeq 6000	ftp.sra.ebi.ac.uk/vol1/fastq/SRR277/072/SRR27723072/SRR27723072_1.fastq.gz;ftp.sra.ebi.ac.uk/vol1/fastq/SRR277/072/SRR27723072/SRR27723072_2.fastq.gz	2a2d8612877066e870baa7fd1b587a7e;7ef3c0d345d7ccb1b702beb952f7e18b	1601193126;1603256010			
SRR27723073	PRJNA1068948	SRP485870	SRX23389019	SAMN39610094	SRS20260347	GSM8035623_r1	GSM8035623_r1	GSM8035623	Gallus gallus	ChIP-Seq	PAIRED	ILLUMINA	Illumina NovaSeq 6000	ftp.sra.ebi.ac.uk/vol1/fastq/SRR277/073/SRR27723073/SRR27723073_1.fastq.gz;ftp.sra.ebi.ac.uk/vol1/fastq/SRR277/073/SRR27723073/SRR27723073_2.fastq.gz	7172245b4c70fab3949de11d158cfa56;3106371fc67f8004497aec9705bcc3b6	1838023568;1842788320			
SRR27723079	PRJNA1068948	SRP485870	SRX23389013	SAMN39610100	SRS20260340	GSM8035617_r1	GSM8035617_r1	GSM8035617	Gallus gallus	ChIP-Seq	SINGLE	ILLUMINA	Illumina HiSeq 2500	ftp.sra.ebi.ac.uk/vol1/fastq/SRR277/079/SRR27723079/SRR27723079.fastq.gz	a4614754b36e66cc6c04f87f4ddd0650	639345800			
SRR27793137	PRJNA1071267	SRP486984	SRX23456801	SAMN39682087	SRS20309787	GSM8048037_r1	GSM8048037_r1	GSM8048037	Gallus gallus	OTHER	PAIRED	ILLUMINA	Illumina NovaSeq 6000	ftp.sra.ebi.ac.uk/vol1/fastq/SRR277/037/SRR27793137/SRR27793137_1.fastq.gz;ftp.sra.ebi.ac.uk/vol1/fastq/SRR277/037/SRR27793137/SRR27793137_2.fastq.gz	1668086c60648448b7560af210da6942;261ce20e0bb4c5876e5402e8bd498cf3	1215422004;1220387872			
SRR27793141	PRJNA1071267	SRP486984	SRX23456797	SAMN39682091	SRS20309783	GSM8048033_r1	GSM8048033_r1	GSM8048033	Gallus gallus	OTHER	PAIRED	ILLUMINA	Illumina NovaSeq 6000	ftp.sra.ebi.ac.uk/vol1/fastq/SRR277/041/SRR27793141/SRR27793141_1.fastq.gz;ftp.sra.ebi.ac.uk/vol1/fastq/SRR277/041/SRR27793141/SRR27793141_2.fastq.gz	5c1daa1a3e38e27a7e9f1ba471f150cb;f0c973c9a9f0c92b0830b965108051f9	713506170;714008712			
SRR27793143	PRJNA1071267	SRP486984	SRX23456795	SAMN39682093	SRS20309780	GSM8048031_r1	GSM8048031_r1	GSM8048031	Gallus gallus	OTHER	PAIRED	ILLUMINA	Illumina NovaSeq 6000	ftp.sra.ebi.ac.uk/vol1/fastq/SRR277/043/SRR27793143/SRR27793143_1.fastq.gz;ftp.sra.ebi.ac.uk/vol1/fastq/SRR277/043/SRR27793143/SRR27793143_2.fastq.gz	bfa4f94564a4ea6c750fdec43b56c905;31281c666a97bf637fdab67da49dbbd8	1539535632;1541089740			
SRR27793155	PRJNA1071267	SRP486984	SRX23456783	SAMN39682105	SRS20309769	GSM8048019_r1	GSM8048019_r1	GSM8048019	Gallus gallus	OTHER	PAIRED	ILLUMINA	Illumina NovaSeq 6000	ftp.sra.ebi.ac.uk/vol1/fastq/SRR277/055/SRR27793155/SRR27793155_1.fastq.gz;ftp.sra.ebi.ac.uk/vol1/fastq/SRR277/055/SRR27793155/SRR27793155_2.fastq.gz	965644543f5a3e0f6ff5a923325ddd80;340363b53efc9d59fa4fbe1013bafa98	1962468529;1966612186			
SRR27793161	PRJNA1071267	SRP486984	SRX23456777	SAMN39682111	SRS20309763	GSM8048013_r1	GSM8048013_r1	GSM8048013	Gallus gallus	OTHER	PAIRED	ILLUMINA	Illumina HiSeq 2500	ftp.sra.ebi.ac.uk/vol1/fastq/SRR277/061/SRR27793161/SRR27793161_1.fastq.gz;ftp.sra.ebi.ac.uk/vol1/fastq/SRR277/061/SRR27793161/SRR27793161_2.fastq.gz	18630915cb85b7cee1d9ebee10b7b615;861bd3a02ba9ab0eb8d2fca54bca1b83	458503790;457842374			
SRR27793162	PRJNA1071267	SRP486984	SRX23456776	SAMN39682112	SRS20309762	GSM8048012_r1	GSM8048012_r1	GSM8048012	Gallus gallus	OTHER	PAIRED	ILLUMINA	Illumina HiSeq 2500	ftp.sra.ebi.ac.uk/vol1/fastq/SRR277/062/SRR27793162/SRR27793162_1.fastq.gz;ftp.sra.ebi.ac.uk/vol1/fastq/SRR277/062/SRR27793162/SRR27793162_2.fastq.gz	97f2415a0143b1583bc52ac4b9f02695;0a30a7b2a3a793096f467475731a00c7	508265862;507448180			
SRR27793168	PRJNA1071267	SRP486984	SRX23456770	SAMN39682118	SRS20309757	GSM8048006_r1	GSM8048006_r1	GSM8048006	Gallus gallus	OTHER	PAIRED	ILLUMINA	Illumina HiSeq 2500	ftp.sra.ebi.ac.uk/vol1/fastq/SRR277/068/SRR27793168/SRR27793168_1.fastq.gz;ftp.sra.ebi.ac.uk/vol1/fastq/SRR277/068/SRR27793168/SRR27793168_2.fastq.gz	8b9175d9bc6b6156f04c436a9569dd41;67f4ab5540380ee72912d7c85ce877ca	514188707;512961411			
SRR27793173	PRJNA1071267	SRP486984	SRX23456765	SAMN39682123	SRS20309751	GSM8048001_r1	GSM8048001_r1	GSM8048001	Gallus gallus	OTHER	PAIRED	ILLUMINA	Illumina HiSeq 2500	ftp.sra.ebi.ac.uk/vol1/fastq/SRR277/073/SRR27793173/SRR27793173_1.fastq.gz;ftp.sra.ebi.ac.uk/vol1/fastq/SRR277/073/SRR27793173/SRR27793173_2.fastq.gz	dac54fe5d405b7ee09b293ec738e3448;ca4a3f6dbdd68e0838dae4ccb4c3eaac	584463730;582212440			
SRR27793174	PRJNA1071267	SRP486984	SRX23456764	SAMN39682124	SRS20309750	GSM8048000_r1	GSM8048000_r1	GSM8048000	Gallus gallus	OTHER	PAIRED	ILLUMINA	Illumina HiSeq 2500	ftp.sra.ebi.ac.uk/vol1/fastq/SRR277/074/SRR27793174/SRR27793174_1.fastq.gz;ftp.sra.ebi.ac.uk/vol1/fastq/SRR277/074/SRR27793174/SRR27793174_2.fastq.gz	8cf77d21b8229d7ace9a73bd1f62b26c;26bbc5860eb10e6c9f8a7ee3d26a4c87	750311815;747953903			
SRR27793176	PRJNA1071267	SRP486984	SRX23456762	SAMN39682126	SRS20309748	GSM8047998_r1	GSM8047998_r1	GSM8047998	Gallus gallus	OTHER	PAIRED	ILLUMINA	Illumina HiSeq 2500	ftp.sra.ebi.ac.uk/vol1/fastq/SRR277/076/SRR27793176/SRR27793176_1.fastq.gz;ftp.sra.ebi.ac.uk/vol1/fastq/SRR277/076/SRR27793176/SRR27793176_2.fastq.gz	fe78dcfd46392f1049b2b99b99568e29;49765b8c51b6a1498f0e1b1dab75044d	460940910;459392596			
SRR27793183	PRJNA1071267	SRP486984	SRX23456755	SAMN39682133	SRS20309741	GSM8047991_r1	GSM8047991_r1	GSM8047991	Gallus gallus	OTHER	PAIRED	ILLUMINA	Illumina HiSeq 2500	ftp.sra.ebi.ac.uk/vol1/fastq/SRR277/083/SRR27793183/SRR27793183_1.fastq.gz;ftp.sra.ebi.ac.uk/vol1/fastq/SRR277/083/SRR27793183/SRR27793183_2.fastq.gz	4d6e3b74f36f6928ccaa4ac977441e70;c398bf92e4f345b94e8da56b05d75b34	588771246;586521433			
SRR27793190	PRJNA1071267	SRP486984	SRX23456748	SAMN39682140	SRS20309735	GSM8047984_r1	GSM8047984_r1	GSM8047984	Gallus gallus	OTHER	PAIRED	ILLUMINA	Illumina HiSeq 2500	ftp.sra.ebi.ac.uk/vol1/fastq/SRR277/090/SRR27793190/SRR27793190_1.fastq.gz;ftp.sra.ebi.ac.uk/vol1/fastq/SRR277/090/SRR27793190/SRR27793190_2.fastq.gz	d0a3c3885f351047d039d1b7f1bf6a91;5807a9b8b0a2d4d01504529eb146208d	474162678;473691067			
SRR27723042	PRJNA1068949	SRP485869	SRX23389010	SAMN39605694	SRS20250141	GSM8035614_r1	GSM8035614_r1	GSM8035614	Gallus gallus	ChIP-Seq	PAIRED	ILLUMINA	NextSeq 2000	ftp.sra.ebi.ac.uk/vol1/fastq/SRR277/042/SRR27723042/SRR27723042_1.fastq.gz;ftp.sra.ebi.ac.uk/vol1/fastq/SRR277/042/SRR27723042/SRR27723042_2.fastq.gz	c5bbad1c895dae815318507d258ff17d;e4c93866c50a54aac9ab56e0007e2903	1136179564;1134916494			
SRR27723045	PRJNA1068949	SRP485869	SRX23389007	SAMN39605697	SRS20250138	GSM8035611_r1	GSM8035611_r1	GSM8035611	Gallus gallus	ChIP-Seq	PAIRED	ILLUMINA	NextSeq 2000	ftp.sra.ebi.ac.uk/vol1/fastq/SRR277/045/SRR27723045/SRR27723045_1.fastq.gz;ftp.sra.ebi.ac.uk/vol1/fastq/SRR277/045/SRR27723045/SRR27723045_2.fastq.gz	b4f5e2c887e669b84166d8b6a9ef1337;c9cba2af85116289c7d96a82e796d29b	1289745168;1288251888			
SRR27723046	PRJNA1068949	SRP485869	SRX23389006	SAMN39605698	SRS20250137	GSM8035610_r1	GSM8035610_r1	GSM8035610	Gallus gallus	ChIP-Seq	PAIRED	ILLUMINA	NextSeq 2000	ftp.sra.ebi.ac.uk/vol1/fastq/SRR277/046/SRR27723046/SRR27723046_1.fastq.gz;ftp.sra.ebi.ac.uk/vol1/fastq/SRR277/046/SRR27723046/SRR27723046_2.fastq.gz	672ee76869b164ea63c2cc2c149b8f6f;144f9c7c0a28e842604213bedcc37758	1103271054;1101805116			
SRR27723047	PRJNA1068949	SRP485869	SRX23389005	SAMN39605699	SRS20250136	GSM8035609_r1	GSM8035609_r1	GSM8035609	Gallus gallus	ChIP-Seq	PAIRED	ILLUMINA	NextSeq 2000	ftp.sra.ebi.ac.uk/vol1/fastq/SRR277/047/SRR27723047/SRR27723047_1.fastq.gz;ftp.sra.ebi.ac.uk/vol1/fastq/SRR277/047/SRR27723047/SRR27723047_2.fastq.gz	1b1ce2e36ddadcd785ac6a5d19b26fe8;580518686f2e7e4d22a26d6fe23bac1b	1035815796;1034346256			
SRR27723048	PRJNA1068949	SRP485869	SRX23389004	SAMN39605700	SRS20250135	GSM8035608_r1	GSM8035608_r1	GSM8035608	Gallus gallus	ChIP-Seq	PAIRED	ILLUMINA	NextSeq 2000	ftp.sra.ebi.ac.uk/vol1/fastq/SRR277/048/SRR27723048/SRR27723048_1.fastq.gz;ftp.sra.ebi.ac.uk/vol1/fastq/SRR277/048/SRR27723048/SRR27723048_2.fastq.gz	2ade8b8e5adf40f4acb6a23a9f0b8c8a;1a3480d651a57cfe3830502d60ef336d	1396274162;1395033883			
SRR27723056	PRJNA1068949	SRP485869	SRX23388996	SAMN39605708	SRS20250127	GSM8035600_r1	GSM8035600_r1	GSM8035600	Gallus gallus	ChIP-Seq	PAIRED	ILLUMINA	NextSeq 2000	ftp.sra.ebi.ac.uk/vol1/fastq/SRR277/056/SRR27723056/SRR27723056_1.fastq.gz;ftp.sra.ebi.ac.uk/vol1/fastq/SRR277/056/SRR27723056/SRR27723056_2.fastq.gz	40ccb75889464dfa314daa94412721ab;3a07639f14ec8c074b08e555667bcb75	1275550474;1274119779			
SRR27723057	PRJNA1068949	SRP485869	SRX23388995	SAMN39605709	SRS20250126	GSM8035599_r1	GSM8035599_r1	GSM8035599	Gallus gallus	ChIP-Seq	PAIRED	ILLUMINA	NextSeq 2000	ftp.sra.ebi.ac.uk/vol1/fastq/SRR277/057/SRR27723057/SRR27723057_1.fastq.gz;ftp.sra.ebi.ac.uk/vol1/fastq/SRR277/057/SRR27723057/SRR27723057_2.fastq.gz	a3f94979ea06d2d802933231c7efd580;2a90dcc6227609af76d7767ca3ff45e0	1211428949;1209937089			
SRR27723059	PRJNA1068949	SRP485869	SRX23388993	SAMN39605711	SRS20250124	GSM8035597_r1	GSM8035597_r1	GSM8035597	Gallus gallus	ChIP-Seq	PAIRED	ILLUMINA	NextSeq 2000	ftp.sra.ebi.ac.uk/vol1/fastq/SRR277/059/SRR27723059/SRR27723059_1.fastq.gz;ftp.sra.ebi.ac.uk/vol1/fastq/SRR277/059/SRR27723059/SRR27723059_2.fastq.gz	c8072093242590334a87932a2d1bfeac;dc11378d7970b448f16f689c51dab530	1118987758;1117649347			
SRR27723061	PRJNA1068949	SRP485869	SRX23388991	SAMN39605713	SRS20250122	GSM8035595_r1	GSM8035595_r1	GSM8035595	Gallus gallus	ChIP-Seq	PAIRED	ILLUMINA	NextSeq 2000	ftp.sra.ebi.ac.uk/vol1/fastq/SRR277/061/SRR27723061/SRR27723061_1.fastq.gz;ftp.sra.ebi.ac.uk/vol1/fastq/SRR277/061/SRR27723061/SRR27723061_2.fastq.gz	e3928b0877d33f53881b09b19bb1b516;f5d26aa5f2920f5c2b0fb471039e1c9a	1193247295;1191665006			
SRR27723062	PRJNA1068949	SRP485869	SRX23388990	SAMN39605714	SRS20250121	GSM8035594_r1	GSM8035594_r1	GSM8035594	Gallus gallus	ChIP-Seq	PAIRED	ILLUMINA	NextSeq 2000	ftp.sra.ebi.ac.uk/vol1/fastq/SRR277/062/SRR27723062/SRR27723062_1.fastq.gz;ftp.sra.ebi.ac.uk/vol1/fastq/SRR277/062/SRR27723062/SRR27723062_2.fastq.gz	720f8f410e95fe2d56d743dd1155caa7;2a6f53f0626bca157c354b17c8ee95d6	1343704317;1342145071			
SRR27723070	PRJNA1068949	SRP485869	SRX23388982	SAMN39605722	SRS20250113	GSM8035586_r1	GSM8035586_r1	GSM8035586	Gallus gallus	ChIP-Seq	PAIRED	ILLUMINA	NextSeq 2000	ftp.sra.ebi.ac.uk/vol1/fastq/SRR277/070/SRR27723070/SRR27723070_1.fastq.gz;ftp.sra.ebi.ac.uk/vol1/fastq/SRR277/070/SRR27723070/SRR27723070_2.fastq.gz	484de3f5095e807196e1189866e30c41;c43a8a26ba4fa66f464607490c6779e2	1239780875;1239044974			
SRR27723071	PRJNA1068949	SRP485869	SRX23388981	SAMN39605723	SRS20250112	GSM8035585_r1	GSM8035585_r1	GSM8035585	Gallus gallus	ChIP-Seq	PAIRED	ILLUMINA	NextSeq 2000	ftp.sra.ebi.ac.uk/vol1/fastq/SRR277/071/SRR27723071/SRR27723071_1.fastq.gz;ftp.sra.ebi.ac.uk/vol1/fastq/SRR277/071/SRR27723071/SRR27723071_2.fastq.gz	494558f33308e7fb3fba2e7b2181e100;488de3993680f9a04b5b57c866b5cc9e	1018103237;1017049703			
SRR27723074	PRJNA1068948	SRP485870	SRX23389018	SAMN39610095	SRS20260344	GSM8035622_r1	GSM8035622_r1	GSM8035622	Gallus gallus	ChIP-Seq	SINGLE	ILLUMINA	Illumina HiSeq 2500	ftp.sra.ebi.ac.uk/vol1/fastq/SRR277/074/SRR27723074/SRR27723074.fastq.gz	df7f538f268d1f72c2ec957ff43f6c93	379620564			
SRR27723076	PRJNA1068948	SRP485870	SRX23389016	SAMN39610097	SRS20260343	GSM8035620_r1	GSM8035620_r1	GSM8035620	Gallus gallus	ChIP-Seq	SINGLE	ILLUMINA	Illumina HiSeq 2500	ftp.sra.ebi.ac.uk/vol1/fastq/SRR277/076/SRR27723076/SRR27723076.fastq.gz	da04fc06a705cb7af6e16d99f4d60f77	552191617			
SRR27723078	PRJNA1068948	SRP485870	SRX23389014	SAMN39610099	SRS20260342	GSM8035618_r1	GSM8035618_r1	GSM8035618	Gallus gallus	ChIP-Seq	SINGLE	ILLUMINA	Illumina HiSeq 2500	ftp.sra.ebi.ac.uk/vol1/fastq/SRR277/078/SRR27723078/SRR27723078.fastq.gz	8415a62e4d15aa985755383cd9a801b6	647108919			
SRR27793133	PRJNA1071267	SRP486984	SRX23456805	SAMN39682083	SRS20309791	GSM8048041_r1	GSM8048041_r1	GSM8048041	Gallus gallus	OTHER	PAIRED	ILLUMINA	Illumina NovaSeq 6000	ftp.sra.ebi.ac.uk/vol1/fastq/SRR277/033/SRR27793133/SRR27793133_1.fastq.gz;ftp.sra.ebi.ac.uk/vol1/fastq/SRR277/033/SRR27793133/SRR27793133_2.fastq.gz	02f335f609b365da6a6c73cebea9a353;5c41e47151efd630648ed8097e260783	1618115562;1618866212			
SRR27793138	PRJNA1071267	SRP486984	SRX23456800	SAMN39682088	SRS20309786	GSM8048036_r1	GSM8048036_r1	GSM8048036	Gallus gallus	OTHER	PAIRED	ILLUMINA	Illumina NovaSeq 6000	ftp.sra.ebi.ac.uk/vol1/fastq/SRR277/038/SRR27793138/SRR27793138_1.fastq.gz;ftp.sra.ebi.ac.uk/vol1/fastq/SRR277/038/SRR27793138/SRR27793138_2.fastq.gz	37d4316f081cc8c7df7cbc8db28c5631;c4b3a6cec35c8ade1f36da602af4cce0	1241065969;1245847077			
SRR27793140	PRJNA1071267	SRP486984	SRX23456798	SAMN39682090	SRS20309784	GSM8048034_r1	GSM8048034_r1	GSM8048034	Gallus gallus	OTHER	PAIRED	ILLUMINA	Illumina NovaSeq 6000	ftp.sra.ebi.ac.uk/vol1/fastq/SRR277/040/SRR27793140/SRR27793140_1.fastq.gz;ftp.sra.ebi.ac.uk/vol1/fastq/SRR277/040/SRR27793140/SRR27793140_2.fastq.gz	ae153158671efa2041ccaea1ddc0f690;eaf9fc4d5ae4855c0b5622f883e71275	1104671142;1106429375			
SRR27793146	PRJNA1071267	SRP486984	SRX23456792	SAMN39682096	SRS20309778	GSM8048028_r1	GSM8048028_r1	GSM8048028	Gallus gallus	OTHER	PAIRED	ILLUMINA	Illumina NovaSeq 6000	ftp.sra.ebi.ac.uk/vol1/fastq/SRR277/046/SRR27793146/SRR27793146_1.fastq.gz;ftp.sra.ebi.ac.uk/vol1/fastq/SRR277/046/SRR27793146/SRR27793146_2.fastq.gz	1625fe8c5e5599e08cb1325f28ac731f;11634f1c10be8ec64d0914da7c208e7e	1151970456;1155003024			
SRR27793149	PRJNA1071267	SRP486984	SRX23456789	SAMN39682099	SRS20309775	GSM8048025_r1	GSM8048025_r1	GSM8048025	Gallus gallus	OTHER	PAIRED	ILLUMINA	Illumina NovaSeq 6000	ftp.sra.ebi.ac.uk/vol1/fastq/SRR277/049/SRR27793149/SRR27793149_1.fastq.gz;ftp.sra.ebi.ac.uk/vol1/fastq/SRR277/049/SRR27793149/SRR27793149_2.fastq.gz	707a1818baf82538326c51dba941974e;b140ccc4c9fd5955e6d85fe0e082c401	1786571636;1787978003			
SRR27793150	PRJNA1071267	SRP486984	SRX23456788	SAMN39682100	SRS20309774	GSM8048024_r1	GSM8048024_r1	GSM8048024	Gallus gallus	OTHER	PAIRED	ILLUMINA	Illumina NovaSeq 6000	ftp.sra.ebi.ac.uk/vol1/fastq/SRR277/050/SRR27793150/SRR27793150_1.fastq.gz;ftp.sra.ebi.ac.uk/vol1/fastq/SRR277/050/SRR27793150/SRR27793150_2.fastq.gz	b41004833951253793311e20bc8fdbbb;a83db650475813611d6f95115c514f80	1650727092;1652210533			
SRR27793151	PRJNA1071267	SRP486984	SRX23456787	SAMN39682101	SRS20309773	GSM8048023_r1	GSM8048023_r1	GSM8048023	Gallus gallus	OTHER	PAIRED	ILLUMINA	Illumina NovaSeq 6000	ftp.sra.ebi.ac.uk/vol1/fastq/SRR277/051/SRR27793151/SRR27793151_1.fastq.gz;ftp.sra.ebi.ac.uk/vol1/fastq/SRR277/051/SRR27793151/SRR27793151_2.fastq.gz	d02f8aa011f7ab4d6f56fe320de6354c;a46a3c1edfa29d548dccb04c8dc99ff1	1265037631;1266470086			
SRR27793154	PRJNA1071267	SRP486984	SRX23456784	SAMN39682104	SRS20309770	GSM8048020_r1	GSM8048020_r1	GSM8048020	Gallus gallus	OTHER	PAIRED	ILLUMINA	Illumina NovaSeq 6000	ftp.sra.ebi.ac.uk/vol1/fastq/SRR277/054/SRR27793154/SRR27793154_1.fastq.gz;ftp.sra.ebi.ac.uk/vol1/fastq/SRR277/054/SRR27793154/SRR27793154_2.fastq.gz	c2361266d7a1236175179836fa0ab1ae;cd4931bfe39c9fbb1fef7778bc6fa04d	1192929612;1194634321			
SRR27793156	PRJNA1071267	SRP486984	SRX23456782	SAMN39682106	SRS20309767	GSM8048018_r1	GSM8048018_r1	GSM8048018	Gallus gallus	OTHER	PAIRED	ILLUMINA	Illumina HiSeq 2500	ftp.sra.ebi.ac.uk/vol1/fastq/SRR277/056/SRR27793156/SRR27793156_1.fastq.gz;ftp.sra.ebi.ac.uk/vol1/fastq/SRR277/056/SRR27793156/SRR27793156_2.fastq.gz	028778b4fd81cad7a0bf5a0d917419db;0deb943e67278204bdc141ff48fb6821	538078977;537064621			
SRR27793158	PRJNA1071267	SRP486984	SRX23456780	SAMN39682108	SRS20309766	GSM8048016_r1	GSM8048016_r1	GSM8048016	Gallus gallus	OTHER	PAIRED	ILLUMINA	Illumina HiSeq 2500	ftp.sra.ebi.ac.uk/vol1/fastq/SRR277/058/SRR27793158/SRR27793158_1.fastq.gz;ftp.sra.ebi.ac.uk/vol1/fastq/SRR277/058/SRR27793158/SRR27793158_2.fastq.gz	bf1d91db6e30f323ff05e1e613b90b63;5103e68718b5e537c6dacf7ab6e7f496	525006496;522538863			
SRR27793159	PRJNA1071267	SRP486984	SRX23456779	SAMN39682109	SRS20309765	GSM8048015_r1	GSM8048015_r1	GSM8048015	Gallus gallus	OTHER	PAIRED	ILLUMINA	Illumina HiSeq 2500	ftp.sra.ebi.ac.uk/vol1/fastq/SRR277/059/SRR27793159/SRR27793159_1.fastq.gz;ftp.sra.ebi.ac.uk/vol1/fastq/SRR277/059/SRR27793159/SRR27793159_2.fastq.gz	e4c9fdf1b23735e0fe55002f3b5e9c09;e21def0ae78abed29a90e3e54f518ab3	492205264;491334363			
SRR27793163	PRJNA1071267	SRP486984	SRX23456775	SAMN39682113	SRS20309761	GSM8048011_r1	GSM8048011_r1	GSM8048011	Gallus gallus	OTHER	PAIRED	ILLUMINA	Illumina HiSeq 2500	ftp.sra.ebi.ac.uk/vol1/fastq/SRR277/063/SRR27793163/SRR27793163_1.fastq.gz;ftp.sra.ebi.ac.uk/vol1/fastq/SRR277/063/SRR27793163/SRR27793163_2.fastq.gz	0b944987fd30d367a6e322df2582457a;f6d7ff237bf6e2bce87b78d59ffd13e7	586722845;586646170			
SRR27793164	PRJNA1071267	SRP486984	SRX23456774	SAMN39682114	SRS20309760	GSM8048010_r1	GSM8048010_r1	GSM8048010	Gallus gallus	OTHER	PAIRED	ILLUMINA	Illumina HiSeq 2500	ftp.sra.ebi.ac.uk/vol1/fastq/SRR277/064/SRR27793164/SRR27793164_1.fastq.gz;ftp.sra.ebi.ac.uk/vol1/fastq/SRR277/064/SRR27793164/SRR27793164_2.fastq.gz	9c291b281e0c62fe22ea32e13526e004;aee97ffa9c691d2efed03e3136f2e129	460312623;459368076			
SRR27793165	PRJNA1071267	SRP486984	SRX23456773	SAMN39682115	SRS20309759	GSM8048009_r1	GSM8048009_r1	GSM8048009	Gallus gallus	OTHER	PAIRED	ILLUMINA	Illumina HiSeq 2500	ftp.sra.ebi.ac.uk/vol1/fastq/SRR277/065/SRR27793165/SRR27793165_1.fastq.gz;ftp.sra.ebi.ac.uk/vol1/fastq/SRR277/065/SRR27793165/SRR27793165_2.fastq.gz	9ac32a64b66d3ec9647b5f07b6f678f4;34c3a9ea9a681853f707afb9724e54d4	542834442;541915105			
SRR27793166	PRJNA1071267	SRP486984	SRX23456772	SAMN39682116	SRS20309758	GSM8048008_r1	GSM8048008_r1	GSM8048008	Gallus gallus	OTHER	PAIRED	ILLUMINA	Illumina HiSeq 2500	ftp.sra.ebi.ac.uk/vol1/fastq/SRR277/066/SRR27793166/SRR27793166_1.fastq.gz;ftp.sra.ebi.ac.uk/vol1/fastq/SRR277/066/SRR27793166/SRR27793166_2.fastq.gz	cf03ebd84c2f8cb52fadd40edbf522d3;d0d7ea21a1fd33c95562f9e0c73b7208	557462458;557379663			
SRR27793167	PRJNA1071267	SRP486984	SRX23456771	SAMN39682117	SRS20309756	GSM8048007_r1	GSM8048007_r1	GSM8048007	Gallus gallus	OTHER	PAIRED	ILLUMINA	Illumina HiSeq 2500	ftp.sra.ebi.ac.uk/vol1/fastq/SRR277/067/SRR27793167/SRR27793167_1.fastq.gz;ftp.sra.ebi.ac.uk/vol1/fastq/SRR277/067/SRR27793167/SRR27793167_2.fastq.gz	d28c16b0cec966741c1bec09c4bac476;4c455bf6db182a3b8fc1e35884c14b3f	492511446;491055829			
SRR27793170	PRJNA1071267	SRP486984	SRX23456768	SAMN39682120	SRS20309754	GSM8048004_r1	GSM8048004_r1	GSM8048004	Gallus gallus	OTHER	PAIRED	ILLUMINA	Illumina HiSeq 2500	ftp.sra.ebi.ac.uk/vol1/fastq/SRR277/070/SRR27793170/SRR27793170_1.fastq.gz;ftp.sra.ebi.ac.uk/vol1/fastq/SRR277/070/SRR27793170/SRR27793170_2.fastq.gz	cf9d05838916791308fc69b12b3e79cd;d45f1d2283c5e163ea2dcbddd7545a6f	491535034;491183832			
SRR27793175	PRJNA1071267	SRP486984	SRX23456763	SAMN39682125	SRS20309749	GSM8047999_r1	GSM8047999_r1	GSM8047999	Gallus gallus	OTHER	PAIRED	ILLUMINA	Illumina HiSeq 2500	ftp.sra.ebi.ac.uk/vol1/fastq/SRR277/075/SRR27793175/SRR27793175_1.fastq.gz;ftp.sra.ebi.ac.uk/vol1/fastq/SRR277/075/SRR27793175/SRR27793175_2.fastq.gz	9a3dccc33f304645af8c14de69deda89;05326d5a3013c40ac22887b3cd28bd72	605980758;604895252			
SRR27793177	PRJNA1071267	SRP486984	SRX23456761	SAMN39682127	SRS20309747	GSM8047997_r1	GSM8047997_r1	GSM8047997	Gallus gallus	OTHER	PAIRED	ILLUMINA	Illumina HiSeq 2500	ftp.sra.ebi.ac.uk/vol1/fastq/SRR277/077/SRR27793177/SRR27793177_1.fastq.gz;ftp.sra.ebi.ac.uk/vol1/fastq/SRR277/077/SRR27793177/SRR27793177_2.fastq.gz	252ea37c0a26eba21ea5d4905b824f75;b347df5655b682a31edd69691d960527	431055920;429751804			
SRR27793178	PRJNA1071267	SRP486984	SRX23456760	SAMN39682128	SRS20309746	GSM8047996_r1	GSM8047996_r1	GSM8047996	Gallus gallus	OTHER	PAIRED	ILLUMINA	Illumina HiSeq 2500	ftp.sra.ebi.ac.uk/vol1/fastq/SRR277/078/SRR27793178/SRR27793178_1.fastq.gz;ftp.sra.ebi.ac.uk/vol1/fastq/SRR277/078/SRR27793178/SRR27793178_2.fastq.gz	c1db88117fc12f9ebf6508c7b0c06358;ca32f09de2ffa3836c0e16f3c45139c0	553235844;552242201			
SRR27793182	PRJNA1071267	SRP486984	SRX23456756	SAMN39682132	SRS20309742	GSM8047992_r1	GSM8047992_r1	GSM8047992	Gallus gallus	OTHER	PAIRED	ILLUMINA	Illumina HiSeq 2500	ftp.sra.ebi.ac.uk/vol1/fastq/SRR277/082/SRR27793182/SRR27793182_1.fastq.gz;ftp.sra.ebi.ac.uk/vol1/fastq/SRR277/082/SRR27793182/SRR27793182_2.fastq.gz	5eae93337cf635c0800780284fde733f;132fef4909c9aa7b6c9e8039cd3dadde	526981282;524824531			
SRR27793185	PRJNA1071267	SRP486984	SRX23456753	SAMN39682135	SRS20309739	GSM8047989_r1	GSM8047989_r1	GSM8047989	Gallus gallus	OTHER	PAIRED	ILLUMINA	Illumina HiSeq 2500	ftp.sra.ebi.ac.uk/vol1/fastq/SRR277/085/SRR27793185/SRR27793185_1.fastq.gz;ftp.sra.ebi.ac.uk/vol1/fastq/SRR277/085/SRR27793185/SRR27793185_2.fastq.gz	be65c7cd29549fbafb71ec1518cba235;37f3b87f7c2acd3c8733c429cf4fe165	740741431;736345664			
SRR27793186	PRJNA1071267	SRP486984	SRX23456752	SAMN39682136	SRS20309738	GSM8047988_r1	GSM8047988_r1	GSM8047988	Gallus gallus	OTHER	PAIRED	ILLUMINA	Illumina HiSeq 2500	ftp.sra.ebi.ac.uk/vol1/fastq/SRR277/086/SRR27793186/SRR27793186_1.fastq.gz;ftp.sra.ebi.ac.uk/vol1/fastq/SRR277/086/SRR27793186/SRR27793186_2.fastq.gz	77a82d6eda7dc44bffb2b044f555acf2;344027f8b12c104d1ab6392357385c59	538063901;536885243			
SRR27793188	PRJNA1071267	SRP486984	SRX23456750	SAMN39682138	SRS20309736	GSM8047986_r1	GSM8047986_r1	GSM8047986	Gallus gallus	OTHER	PAIRED	ILLUMINA	Illumina HiSeq 2500	ftp.sra.ebi.ac.uk/vol1/fastq/SRR277/088/SRR27793188/SRR27793188_1.fastq.gz;ftp.sra.ebi.ac.uk/vol1/fastq/SRR277/088/SRR27793188/SRR27793188_2.fastq.gz	991c2c1f240f94e1cb08e2ae738fa154;08df33487d2d6b3b13b8ed2df1865a29	454169499;452565854			
SRR27793189	PRJNA1071267	SRP486984	SRX23456749	SAMN39682139	SRS20309734	GSM8047985_r1	GSM8047985_r1	GSM8047985	Gallus gallus	OTHER	PAIRED	ILLUMINA	Illumina HiSeq 2500	ftp.sra.ebi.ac.uk/vol1/fastq/SRR277/089/SRR27793189/SRR27793189_1.fastq.gz;ftp.sra.ebi.ac.uk/vol1/fastq/SRR277/089/SRR27793189/SRR27793189_2.fastq.gz	641d38c51460723307ab19ba183c2131;fa212329270e1fbedc5c31988f451704	562366618;561026858			
SRR27723040	PRJNA1068949	SRP485869	SRX23389012	SAMN39605692	SRS20250143	GSM8035616_r1	GSM8035616_r1	GSM8035616	Gallus gallus	ChIP-Seq	PAIRED	ILLUMINA	NextSeq 2000	ftp.sra.ebi.ac.uk/vol1/fastq/SRR277/040/SRR27723040/SRR27723040_1.fastq.gz;ftp.sra.ebi.ac.uk/vol1/fastq/SRR277/040/SRR27723040/SRR27723040_2.fastq.gz	c7d83c41e591d4b848b190b72f1b3e78;17d8802dd993dd4641a2420713296a15	1125466248;1124152790			
SRR27723041	PRJNA1068949	SRP485869	SRX23389011	SAMN39605693	SRS20250142	GSM8035615_r1	GSM8035615_r1	GSM8035615	Gallus gallus	ChIP-Seq	PAIRED	ILLUMINA	NextSeq 2000	ftp.sra.ebi.ac.uk/vol1/fastq/SRR277/041/SRR27723041/SRR27723041_1.fastq.gz;ftp.sra.ebi.ac.uk/vol1/fastq/SRR277/041/SRR27723041/SRR27723041_2.fastq.gz	75b6ef2b7af0fe1308f2b261be4be626;f4165790aae0898929286c1c417a411f	1192510261;1191168140			
SRR27723044	PRJNA1068949	SRP485869	SRX23389008	SAMN39605696	SRS20250139	GSM8035612_r1	GSM8035612_r1	GSM8035612	Gallus gallus	ChIP-Seq	PAIRED	ILLUMINA	NextSeq 2000	ftp.sra.ebi.ac.uk/vol1/fastq/SRR277/044/SRR27723044/SRR27723044_1.fastq.gz;ftp.sra.ebi.ac.uk/vol1/fastq/SRR277/044/SRR27723044/SRR27723044_2.fastq.gz	49950e6a2dda56bceb0a3cbd1c0357f9;d9b71415e90815870482430de05e748c	1073848590;1072431306			
SRR27723049	PRJNA1068949	SRP485869	SRX23389003	SAMN39605701	SRS20250134	GSM8035607_r1	GSM8035607_r1	GSM8035607	Gallus gallus	ChIP-Seq	PAIRED	ILLUMINA	NextSeq 2000	ftp.sra.ebi.ac.uk/vol1/fastq/SRR277/049/SRR27723049/SRR27723049_1.fastq.gz;ftp.sra.ebi.ac.uk/vol1/fastq/SRR277/049/SRR27723049/SRR27723049_2.fastq.gz	3a813b7d793998283a90ceffc57eeb6a;969131c8fc0c16122d3116d1ace413a2	886598633;885670350			
SRR27723050	PRJNA1068949	SRP485869	SRX23389002	SAMN39605702	SRS20250133	GSM8035606_r1	GSM8035606_r1	GSM8035606	Gallus gallus	ChIP-Seq	PAIRED	ILLUMINA	NextSeq 2000	ftp.sra.ebi.ac.uk/vol1/fastq/SRR277/050/SRR27723050/SRR27723050_1.fastq.gz;ftp.sra.ebi.ac.uk/vol1/fastq/SRR277/050/SRR27723050/SRR27723050_2.fastq.gz	5711c9b8c46d9da905df7b0e9eb430a7;547305a79248713138455572305180d4	1012974348;1012039707			
SRR27723051	PRJNA1068949	SRP485869	SRX23389001	SAMN39605703	SRS20250132	GSM8035605_r1	GSM8035605_r1	GSM8035605	Gallus gallus	ChIP-Seq	PAIRED	ILLUMINA	NextSeq 2000	ftp.sra.ebi.ac.uk/vol1/fastq/SRR277/051/SRR27723051/SRR27723051_1.fastq.gz;ftp.sra.ebi.ac.uk/vol1/fastq/SRR277/051/SRR27723051/SRR27723051_2.fastq.gz	3e9e08a77bef34ff14dea5a498265253;704454115fc2501400dafa8abceec320	979937878;978932570			
SRR27723052	PRJNA1068949	SRP485869	SRX23389000	SAMN39605704	SRS20250131	GSM8035604_r1	GSM8035604_r1	GSM8035604	Gallus gallus	ChIP-Seq	PAIRED	ILLUMINA	NextSeq 2000	ftp.sra.ebi.ac.uk/vol1/fastq/SRR277/052/SRR27723052/SRR27723052_1.fastq.gz;ftp.sra.ebi.ac.uk/vol1/fastq/SRR277/052/SRR27723052/SRR27723052_2.fastq.gz	92441eca20f5299de1a43fd5f31176c5;7cb27a2f6d75098aeb8df5070745a26e	1019330550;1018264031			
SRR27723053	PRJNA1068949	SRP485869	SRX23388999	SAMN39605705	SRS20250130	GSM8035603_r1	GSM8035603_r1	GSM8035603	Gallus gallus	ChIP-Seq	PAIRED	ILLUMINA	NextSeq 2000	ftp.sra.ebi.ac.uk/vol1/fastq/SRR277/053/SRR27723053/SRR27723053_1.fastq.gz;ftp.sra.ebi.ac.uk/vol1/fastq/SRR277/053/SRR27723053/SRR27723053_2.fastq.gz	0da17a7d3bba61729a49b92aa845a913;360d7d14adc4bfe7eb2dfaa32a039842	783825871;782995423			
SRR27723055	PRJNA1068949	SRP485869	SRX23388997	SAMN39605707	SRS20250128	GSM8035601_r1	GSM8035601_r1	GSM8035601	Gallus gallus	ChIP-Seq	PAIRED	ILLUMINA	NextSeq 2000	ftp.sra.ebi.ac.uk/vol1/fastq/SRR277/055/SRR27723055/SRR27723055_1.fastq.gz;ftp.sra.ebi.ac.uk/vol1/fastq/SRR277/055/SRR27723055/SRR27723055_2.fastq.gz	e8ea6ff03551597e36e7d1f265b95e7d;6a0c99ad52d3301c554742edb9a0ef5c	878098967;877056534			
SRR27723058	PRJNA1068949	SRP485869	SRX23388994	SAMN39605710	SRS20250125	GSM8035598_r1	GSM8035598_r1	GSM8035598	Gallus gallus	ChIP-Seq	PAIRED	ILLUMINA	NextSeq 2000	ftp.sra.ebi.ac.uk/vol1/fastq/SRR277/058/SRR27723058/SRR27723058_1.fastq.gz;ftp.sra.ebi.ac.uk/vol1/fastq/SRR277/058/SRR27723058/SRR27723058_2.fastq.gz	db2272286ba8c31325fe64bd17fcc833;4127414561096fdfa853ac47a25d281c	1230980478;1229487984			
SRR27723065	PRJNA1068949	SRP485869	SRX23388987	SAMN39605717	SRS20250118	GSM8035591_r1	GSM8035591_r1	GSM8035591	Gallus gallus	ChIP-Seq	PAIRED	ILLUMINA	NextSeq 2000	ftp.sra.ebi.ac.uk/vol1/fastq/SRR277/065/SRR27723065/SRR27723065_1.fastq.gz;ftp.sra.ebi.ac.uk/vol1/fastq/SRR277/065/SRR27723065/SRR27723065_2.fastq.gz	f369bf2a4c8fbd473a12667aedf82a73;721ae490a7e595724c7017cbecd466da	802538765;801587823			
SRR27723066	PRJNA1068949	SRP485869	SRX23388986	SAMN39605718	SRS20250117	GSM8035590_r1	GSM8035590_r1	GSM8035590	Gallus gallus	ChIP-Seq	PAIRED	ILLUMINA	NextSeq 2000	ftp.sra.ebi.ac.uk/vol1/fastq/SRR277/066/SRR27723066/SRR27723066_1.fastq.gz;ftp.sra.ebi.ac.uk/vol1/fastq/SRR277/066/SRR27723066/SRR27723066_2.fastq.gz	58240fef10482ce8f1ac8e630f06b113;5da399f3a50d465cf0a1107e0801f9f6	985201070;984260627			
SRR27723067	PRJNA1068949	SRP485869	SRX23388985	SAMN39605719	SRS20250116	GSM8035589_r1	GSM8035589_r1	GSM8035589	Gallus gallus	ChIP-Seq	PAIRED	ILLUMINA	NextSeq 2000	ftp.sra.ebi.ac.uk/vol1/fastq/SRR277/067/SRR27723067/SRR27723067_1.fastq.gz;ftp.sra.ebi.ac.uk/vol1/fastq/SRR277/067/SRR27723067/SRR27723067_2.fastq.gz	6682498a0a811178046b4a4a807f90c7;cc46a6f1eb8e3f1bdf84a5deb6cec5a4	881218323;880374330			
SRR27723069	PRJNA1068949	SRP485869	SRX23388983	SAMN39605721	SRS20250114	GSM8035587_r1	GSM8035587_r1	GSM8035587	Gallus gallus	ChIP-Seq	PAIRED	ILLUMINA	NextSeq 2000	ftp.sra.ebi.ac.uk/vol1/fastq/SRR277/069/SRR27723069/SRR27723069_1.fastq.gz;ftp.sra.ebi.ac.uk/vol1/fastq/SRR277/069/SRR27723069/SRR27723069_2.fastq.gz	250202cd9090a9bf0a4178ef1c70c0e1;59c7ea9c39cc69b8d4a46b273ac75fc6	906918241;906324532			
SRR27723075	PRJNA1068948	SRP485870	SRX23389017	SAMN39610096	SRS20260345	GSM8035621_r1	GSM8035621_r1	GSM8035621	Gallus gallus	ChIP-Seq	SINGLE	ILLUMINA	Illumina HiSeq 2500	ftp.sra.ebi.ac.uk/vol1/fastq/SRR277/075/SRR27723075/SRR27723075.fastq.gz	637db2220cd1873d65de662a9354268e	385163624			
SRR27723077	PRJNA1068948	SRP485870	SRX23389015	SAMN39610098	SRS20260341	GSM8035619_r1	GSM8035619_r1	GSM8035619	Gallus gallus	ChIP-Seq	SINGLE	ILLUMINA	Illumina HiSeq 2500	ftp.sra.ebi.ac.uk/vol1/fastq/SRR277/077/SRR27723077/SRR27723077.fastq.gz	13efc601a788f15d28c0411b3a6b323f	545424084			
SRR27793132	PRJNA1071267	SRP486984	SRX23456806	SAMN39682082	SRS20309792	GSM8048042_r1	GSM8048042_r1	GSM8048042	Gallus gallus	OTHER	PAIRED	ILLUMINA	Illumina NovaSeq 6000	ftp.sra.ebi.ac.uk/vol1/fastq/SRR277/032/SRR27793132/SRR27793132_1.fastq.gz;ftp.sra.ebi.ac.uk/vol1/fastq/SRR277/032/SRR27793132/SRR27793132_2.fastq.gz	f9ab5e3e9c4c030739e05e5551afedab;1c6ee43ec9a1ffa95ece499c5aa97ad7	646008991;646844064			
SRR27793134	PRJNA1071267	SRP486984	SRX23456804	SAMN39682084	SRS20309790	GSM8048040_r1	GSM8048040_r1	GSM8048040	Gallus gallus	OTHER	PAIRED	ILLUMINA	Illumina NovaSeq 6000	ftp.sra.ebi.ac.uk/vol1/fastq/SRR277/034/SRR27793134/SRR27793134_1.fastq.gz;ftp.sra.ebi.ac.uk/vol1/fastq/SRR277/034/SRR27793134/SRR27793134_2.fastq.gz	1d64d8abc6d361ddcd0c08144a93b438;30fdb9c26b7394f0a0c3e45f93daae39	891748947;892323904			
SRR27793135	PRJNA1071267	SRP486984	SRX23456803	SAMN39682085	SRS20309789	GSM8048039_r1	GSM8048039_r1	GSM8048039	Gallus gallus	OTHER	PAIRED	ILLUMINA	Illumina NovaSeq 6000	ftp.sra.ebi.ac.uk/vol1/fastq/SRR277/035/SRR27793135/SRR27793135_1.fastq.gz;ftp.sra.ebi.ac.uk/vol1/fastq/SRR277/035/SRR27793135/SRR27793135_2.fastq.gz	337bf0cb3e2b9e83e4281c04a06bfa1b;b448899b230737bea71b9a5e456c3548	1462926047;1466933368			
SRR27793136	PRJNA1071267	SRP486984	SRX23456802	SAMN39682086	SRS20309788	GSM8048038_r1	GSM8048038_r1	GSM8048038	Gallus gallus	OTHER	PAIRED	ILLUMINA	Illumina NovaSeq 6000	ftp.sra.ebi.ac.uk/vol1/fastq/SRR277/036/SRR27793136/SRR27793136_1.fastq.gz;ftp.sra.ebi.ac.uk/vol1/fastq/SRR277/036/SRR27793136/SRR27793136_2.fastq.gz	a0c6a0e1c1203e1cddf56f9859a344ea;da5800d453ee19a8a71db16f72e3e64b	1364272551;1365929264			
SRR27793139	PRJNA1071267	SRP486984	SRX23456799	SAMN39682089	SRS20309785	GSM8048035_r1	GSM8048035_r1	GSM8048035	Gallus gallus	OTHER	PAIRED	ILLUMINA	Illumina NovaSeq 6000	ftp.sra.ebi.ac.uk/vol1/fastq/SRR277/039/SRR27793139/SRR27793139_1.fastq.gz;ftp.sra.ebi.ac.uk/vol1/fastq/SRR277/039/SRR27793139/SRR27793139_2.fastq.gz	1bbd951de48b8808de26b8a3b94abecd;e940ed202c569725164a238d772effb7	1844758892;1846428456			
SRR27793142	PRJNA1071267	SRP486984	SRX23456796	SAMN39682092	SRS20309782	GSM8048032_r1	GSM8048032_r1	GSM8048032	Gallus gallus	OTHER	PAIRED	ILLUMINA	Illumina NovaSeq 6000	ftp.sra.ebi.ac.uk/vol1/fastq/SRR277/042/SRR27793142/SRR27793142_1.fastq.gz;ftp.sra.ebi.ac.uk/vol1/fastq/SRR277/042/SRR27793142/SRR27793142_2.fastq.gz	8923cc9c354e3388c75229870956098b;332d3336935b386a7c19dae6a3e38d7c	1621658192;1622968910			
SRR27793144	PRJNA1071267	SRP486984	SRX23456794	SAMN39682094	SRS20309781	GSM8048030_r1	GSM8048030_r1	GSM8048030	Gallus gallus	OTHER	PAIRED	ILLUMINA	Illumina NovaSeq 6000	ftp.sra.ebi.ac.uk/vol1/fastq/SRR277/044/SRR27793144/SRR27793144_1.fastq.gz;ftp.sra.ebi.ac.uk/vol1/fastq/SRR277/044/SRR27793144/SRR27793144_2.fastq.gz	5875ba2b6842b1760a15a286d429cfab;2727f8e0ae31d990ccf0de9aeaab9005	1687320101;1693531193			
SRR27793145	PRJNA1071267	SRP486984	SRX23456793	SAMN39682095	SRS20309779	GSM8048029_r1	GSM8048029_r1	GSM8048029	Gallus gallus	OTHER	PAIRED	ILLUMINA	Illumina NovaSeq 6000	ftp.sra.ebi.ac.uk/vol1/fastq/SRR277/045/SRR27793145/SRR27793145_1.fastq.gz;ftp.sra.ebi.ac.uk/vol1/fastq/SRR277/045/SRR27793145/SRR27793145_2.fastq.gz	e4402e1841d3ebc78d354a761f7c5895;ef87bea814f7fbf079d74fc3529828e6	1871027225;1875696638			
SRR27793147	PRJNA1071267	SRP486984	SRX23456791	SAMN39682097	SRS20309777	GSM8048027_r1	GSM8048027_r1	GSM8048027	Gallus gallus	OTHER	PAIRED	ILLUMINA	Illumina NovaSeq 6000	ftp.sra.ebi.ac.uk/vol1/fastq/SRR277/047/SRR27793147/SRR27793147_1.fastq.gz;ftp.sra.ebi.ac.uk/vol1/fastq/SRR277/047/SRR27793147/SRR27793147_2.fastq.gz	f84a7ca2fe69cea4a5233cb3d283b51a;f7fd608f284d27e50cc93fbefd24e6fc	1170468068;1170279923			
SRR27793148	PRJNA1071267	SRP486984	SRX23456790	SAMN39682098	SRS20309776	GSM8048026_r1	GSM8048026_r1	GSM8048026	Gallus gallus	OTHER	PAIRED	ILLUMINA	Illumina NovaSeq 6000	ftp.sra.ebi.ac.uk/vol1/fastq/SRR277/048/SRR27793148/SRR27793148_1.fastq.gz;ftp.sra.ebi.ac.uk/vol1/fastq/SRR277/048/SRR27793148/SRR27793148_2.fastq.gz	0d8a05c43aa6dc1888685c9fed8bad87;77bbd2af0d0cb0e7e64a54e8717fa1ea	1175853808;1176562959			
SRR27793152	PRJNA1071267	SRP486984	SRX23456786	SAMN39682102	SRS20309772	GSM8048022_r1	GSM8048022_r1	GSM8048022	Gallus gallus	OTHER	PAIRED	ILLUMINA	Illumina NovaSeq 6000	ftp.sra.ebi.ac.uk/vol1/fastq/SRR277/052/SRR27793152/SRR27793152_1.fastq.gz;ftp.sra.ebi.ac.uk/vol1/fastq/SRR277/052/SRR27793152/SRR27793152_2.fastq.gz	ffd9d88bdf781c25c267a3aa0ce933ea;bf7d2c7c6f0f0d086fe6ee1d62c1cc8a	884447956;885308573			
SRR27793153	PRJNA1071267	SRP486984	SRX23456785	SAMN39682103	SRS20309771	GSM8048021_r1	GSM8048021_r1	GSM8048021	Gallus gallus	OTHER	PAIRED	ILLUMINA	Illumina NovaSeq 6000	ftp.sra.ebi.ac.uk/vol1/fastq/SRR277/053/SRR27793153/SRR27793153_1.fastq.gz;ftp.sra.ebi.ac.uk/vol1/fastq/SRR277/053/SRR27793153/SRR27793153_2.fastq.gz	a1e2ba7711710b9bb09132dd8ef96274;1020bd69993dd66e404a3e465d72fde4	1651366454;1658816172			
SRR27793157	PRJNA1071267	SRP486984	SRX23456781	SAMN39682107	SRS20309768	GSM8048017_r1	GSM8048017_r1	GSM8048017	Gallus gallus	OTHER	PAIRED	ILLUMINA	Illumina HiSeq 2500	ftp.sra.ebi.ac.uk/vol1/fastq/SRR277/057/SRR27793157/SRR27793157_1.fastq.gz;ftp.sra.ebi.ac.uk/vol1/fastq/SRR277/057/SRR27793157/SRR27793157_2.fastq.gz	39e1b47c2592ebda984622d931f6c888;59bdbafc322eb0fae3dccbe1124546c1	472048842;471656946			
SRR27793160	PRJNA1071267	SRP486984	SRX23456778	SAMN39682110	SRS20309764	GSM8048014_r1	GSM8048014_r1	GSM8048014	Gallus gallus	OTHER	PAIRED	ILLUMINA	Illumina HiSeq 2500	ftp.sra.ebi.ac.uk/vol1/fastq/SRR277/060/SRR27793160/SRR27793160_1.fastq.gz;ftp.sra.ebi.ac.uk/vol1/fastq/SRR277/060/SRR27793160/SRR27793160_2.fastq.gz	986d3d5a6c12a142c825bc7bc72d18c3;496cda94436ea1ea66c3a40f84b61956	574775594;574338720			
SRR27793169	PRJNA1071267	SRP486984	SRX23456769	SAMN39682119	SRS20309755	GSM8048005_r1	GSM8048005_r1	GSM8048005	Gallus gallus	OTHER	PAIRED	ILLUMINA	Illumina HiSeq 2500	ftp.sra.ebi.ac.uk/vol1/fastq/SRR277/069/SRR27793169/SRR27793169_1.fastq.gz;ftp.sra.ebi.ac.uk/vol1/fastq/SRR277/069/SRR27793169/SRR27793169_2.fastq.gz	38d61c0ec00708d56c945c83e9612a36;dec674414cdeae6002e0fe327c46350d	518365356;518383295			
SRR27793171	PRJNA1071267	SRP486984	SRX23456767	SAMN39682121	SRS20309753	GSM8048003_r1	GSM8048003_r1	GSM8048003	Gallus gallus	OTHER	PAIRED	ILLUMINA	Illumina HiSeq 2500	ftp.sra.ebi.ac.uk/vol1/fastq/SRR277/071/SRR27793171/SRR27793171_1.fastq.gz;ftp.sra.ebi.ac.uk/vol1/fastq/SRR277/071/SRR27793171/SRR27793171_2.fastq.gz	161a1bc32d48862649186cae012706aa;ca542d5e3894bae11294abd6e1b971a4	537886210;536277827			
SRR27793172	PRJNA1071267	SRP486984	SRX23456766	SAMN39682122	SRS20309752	GSM8048002_r1	GSM8048002_r1	GSM8048002	Gallus gallus	OTHER	PAIRED	ILLUMINA	Illumina HiSeq 2500	ftp.sra.ebi.ac.uk/vol1/fastq/SRR277/072/SRR27793172/SRR27793172_1.fastq.gz;ftp.sra.ebi.ac.uk/vol1/fastq/SRR277/072/SRR27793172/SRR27793172_2.fastq.gz	084a518d0462e58696c68e5dd9c33a6a;2a9283b66ea2a02de9ca51dfafa39b65	651243624;650897537			
SRR27793179	PRJNA1071267	SRP486984	SRX23456759	SAMN39682129	SRS20309745	GSM8047995_r1	GSM8047995_r1	GSM8047995	Gallus gallus	OTHER	PAIRED	ILLUMINA	Illumina HiSeq 2500	ftp.sra.ebi.ac.uk/vol1/fastq/SRR277/079/SRR27793179/SRR27793179_1.fastq.gz;ftp.sra.ebi.ac.uk/vol1/fastq/SRR277/079/SRR27793179/SRR27793179_2.fastq.gz	8f773bc099c8d6b6ca66e1e91d8051ac;d8cbf0db437d339ddce227e21fe7eff1	651357005;648372253			
SRR27793180	PRJNA1071267	SRP486984	SRX23456758	SAMN39682130	SRS20309744	GSM8047994_r1	GSM8047994_r1	GSM8047994	Gallus gallus	OTHER	PAIRED	ILLUMINA	Illumina HiSeq 2500	ftp.sra.ebi.ac.uk/vol1/fastq/SRR277/080/SRR27793180/SRR27793180_1.fastq.gz;ftp.sra.ebi.ac.uk/vol1/fastq/SRR277/080/SRR27793180/SRR27793180_2.fastq.gz	4548b2eeb6aace2c22e9399ee81afab5;4977770c03e654de0b921913f18f8dec	570122531;568398995			
SRR27793181	PRJNA1071267	SRP486984	SRX23456757	SAMN39682131	SRS20309743	GSM8047993_r1	GSM8047993_r1	GSM8047993	Gallus gallus	OTHER	PAIRED	ILLUMINA	Illumina HiSeq 2500	ftp.sra.ebi.ac.uk/vol1/fastq/SRR277/081/SRR27793181/SRR27793181_1.fastq.gz;ftp.sra.ebi.ac.uk/vol1/fastq/SRR277/081/SRR27793181/SRR27793181_2.fastq.gz	2fa570e621730f57f6869d9c4f88683c;0e590576950d776e7330c8339da36b8e	623094256;622001017			
SRR27793184	PRJNA1071267	SRP486984	SRX23456754	SAMN39682134	SRS20309740	GSM8047990_r1	GSM8047990_r1	GSM8047990	Gallus gallus	OTHER	PAIRED	ILLUMINA	Illumina HiSeq 2500	ftp.sra.ebi.ac.uk/vol1/fastq/SRR277/084/SRR27793184/SRR27793184_1.fastq.gz;ftp.sra.ebi.ac.uk/vol1/fastq/SRR277/084/SRR27793184/SRR27793184_2.fastq.gz	2b7466ab20ea9e59152e011f1351516c;48474e77f112895366d633d07540f180	521140337;520113263			
SRR27793187	PRJNA1071267	SRP486984	SRX23456751	SAMN39682137	SRS20309737	GSM8047987_r1	GSM8047987_r1	GSM8047987	Gallus gallus	OTHER	PAIRED	ILLUMINA	Illumina HiSeq 2500	ftp.sra.ebi.ac.uk/vol1/fastq/SRR277/087/SRR27793187/SRR27793187_1.fastq.gz;ftp.sra.ebi.ac.uk/vol1/fastq/SRR277/087/SRR27793187/SRR27793187_2.fastq.gz	ab85c57455bf80ceadfc658658c97463;84a4fe529d09d1c5e2be03505edeeea6	398142543;397844078			
SRR27793191	PRJNA1071267	SRP486984	SRX23456747	SAMN39682141	SRS20309733	GSM8047983_r1	GSM8047983_r1	GSM8047983	Gallus gallus	OTHER	PAIRED	ILLUMINA	Illumina HiSeq 2500	ftp.sra.ebi.ac.uk/vol1/fastq/SRR277/091/SRR27793191/SRR27793191_1.fastq.gz;ftp.sra.ebi.ac.uk/vol1/fastq/SRR277/091/SRR27793191/SRR27793191_2.fastq.gz	ad411d55472119883ed142367fe0b1ac;9c7ea2068f8d3810f77e4d72daf3e0ef	666219972;664076935			
