Run,ReleaseDate,LoadDate,spots,bases,spots_with_mates,avgLength,size_MB,AssemblyName,download_path,Experiment,LibraryName,LibraryStrategy,LibrarySelection,LibrarySource,LibraryLayout,InsertSize,InsertDev,Platform,Model,SRAStudy,BioProject,Study_Pubmed_id,ProjectID,Sample,BioSample,SampleType,TaxID,ScientificName,SampleName,g1k_pop_code,source,g1k_analysis_group,Subject_ID,Sex,Disease,Tumor,Affection_Status,Analyte_Type,Histological_Type,Body_Site,CenterName,Submission,dbgap_study_accession,Consent,RunHash,ReadHash
SRR13848196,2021-06-18 17:32:38,2021-03-03 17:04:28,26730558,1336527900,0,50,492,,https://sra-downloadb.be-md.ncbi.nlm.nih.gov/sos8/sra-pub-zq-820/SRR013/13848/SRR13848196/SRR13848196.lite.1,SRX10229669,,ChIP-Seq,ChIP,GENOMIC,SINGLE,0,0,ILLUMINA,NextSeq 500,SRP309136,PRJNA706396,3,706396,SRS8371863,SAMN18128743,simple,10090,Mus musculus,GSM5133011,,,,,,,no,,,,,GEO,SRA1202545,,public,4418B216EA63CD2F1F34AC533F313489,15FF1B8031E6F4671707A80C24786902
SRR13848197,2021-06-18 17:32:38,2021-03-03 17:07:43,31949509,1597475450,0,50,576,,https://sra-downloadb.be-md.ncbi.nlm.nih.gov/sos8/sra-pub-zq-820/SRR013/13848/SRR13848197/SRR13848197.lite.1,SRX10229670,,ChIP-Seq,ChIP,GENOMIC,SINGLE,0,0,ILLUMINA,NextSeq 500,SRP309136,PRJNA706396,3,706396,SRS8371862,SAMN18128742,simple,10090,Mus musculus,GSM5133012,,,,,,,no,,,,,GEO,SRA1202545,,public,03B20987F5E7F38D6649FEC30DEC3C3F,CFE5BA4017D76F247B0A43FF7E5B7F2C
SRR13848198,2021-06-18 17:32:38,2021-03-03 17:05:17,26752788,1337639400,0,50,487,,https://sra-downloadb.be-md.ncbi.nlm.nih.gov/sos8/sra-pub-zq-820/SRR013/13848/SRR13848198/SRR13848198.lite.1,SRX10229671,,ChIP-Seq,ChIP,GENOMIC,SINGLE,0,0,ILLUMINA,NextSeq 500,SRP309136,PRJNA706396,3,706396,SRS8371865,SAMN18128741,simple,10090,Mus musculus,GSM5133013,,,,,,,no,,,,,GEO,SRA1202545,,public,210447FA79BF76E32BD8B37951F4B8D2,1CE498C47C8BC279AB482BD1A78764FA
SRR13848199,2021-06-18 17:32:38,2021-03-03 17:03:53,27776259,1388812950,0,50,501,,https://sra-downloadb.be-md.ncbi.nlm.nih.gov/sos8/sra-pub-zq-820/SRR013/13848/SRR13848199/SRR13848199.lite.1,SRX10229672,,ChIP-Seq,ChIP,GENOMIC,SINGLE,0,0,ILLUMINA,NextSeq 500,SRP309136,PRJNA706396,3,706396,SRS8371864,SAMN18128740,simple,10090,Mus musculus,GSM5133014,,,,,,,no,,,,,GEO,SRA1202545,,public,DE9F7C3CA22F56CC0F6BC71C9EEE918F,E31A08D6CCD758956F0FB59279338DDF
SRR13848200,2021-06-18 17:32:38,2021-03-03 17:04:48,27327682,1366384100,0,50,501,,https://sra-downloadb.be-md.ncbi.nlm.nih.gov/sos8/sra-pub-zq-820/SRR013/13848/SRR13848200/SRR13848200.lite.1,SRX10229673,,ChIP-Seq,ChIP,GENOMIC,SINGLE,0,0,ILLUMINA,NextSeq 500,SRP309136,PRJNA706396,3,706396,SRS8371866,SAMN18128739,simple,10090,Mus musculus,GSM5133016,,,,,,,no,,,,,GEO,SRA1202545,,public,B44697ACF3D2FAB4520210CFE3E1AD68,68F1EC879012770A78A4494A8B35DA4A
SRR13848201,2021-06-18 17:32:38,2021-03-03 17:12:44,35424605,1771230250,0,50,638,,https://sra-downloadb.be-md.ncbi.nlm.nih.gov/sos4/sra-pub-zq-1/SRR013/13848/SRR13848201/SRR13848201.lite.1,SRX10229674,,ChIP-Seq,ChIP,GENOMIC,SINGLE,0,0,ILLUMINA,NextSeq 500,SRP309136,PRJNA706396,3,706396,SRS8371867,SAMN18128738,simple,10090,Mus musculus,GSM5133017,,,,,,,no,,,,,GEO,SRA1202545,,public,33A03D6B2EAC73C20CBFEC41E4DA688A,50E4C8C65D0B9C749EB0A1BD1863DA06
SRR13848202,2021-06-18 17:32:38,2021-03-03 17:09:01,23453572,1172678600,0,50,433,,https://sra-downloadb.be-md.ncbi.nlm.nih.gov/sos8/sra-pub-zq-820/SRR013/13848/SRR13848202/SRR13848202.lite.1,SRX10229675,,ChIP-Seq,ChIP,GENOMIC,SINGLE,0,0,ILLUMINA,NextSeq 500,SRP309136,PRJNA706396,3,706396,SRS8371869,SAMN18128737,simple,10090,Mus musculus,GSM5133018,,,,,,,no,,,,,GEO,SRA1202545,,public,BB524AA7A66E60E3FC3B190CA2C328ED,A5F482753C2A9D2FF2950124FD67139D
SRR13848203,2021-06-18 17:32:38,2021-03-03 17:09:34,31092227,1554611350,0,50,566,,https://sra-downloadb.be-md.ncbi.nlm.nih.gov/sos8/sra-pub-zq-820/SRR013/13848/SRR13848203/SRR13848203.lite.1,SRX10229676,,ChIP-Seq,ChIP,GENOMIC,SINGLE,0,0,ILLUMINA,NextSeq 500,SRP309136,PRJNA706396,3,706396,SRS8371868,SAMN18128736,simple,10090,Mus musculus,GSM5133019,,,,,,,no,,,,,GEO,SRA1202545,,public,0CC39DE99D02DA6EB5E63721D2B49C25,7F5C790C53411ADFB35C70F3B06DC077
SRR13848204,2021-06-18 17:32:38,2021-03-03 17:06:27,20404953,1020247650,0,50,382,,https://sra-downloadb.be-md.ncbi.nlm.nih.gov/sos8/sra-pub-zq-820/SRR013/13848/SRR13848204/SRR13848204.lite.1,SRX10229677,,ChIP-Seq,ChIP,GENOMIC,SINGLE,0,0,ILLUMINA,NextSeq 500,SRP309136,PRJNA706396,3,706396,SRS8371870,SAMN18128735,simple,10090,Mus musculus,GSM5133020,,,,,,,no,,,,,GEO,SRA1202545,,public,F73580D5D12300B5C2A41D2961C26802,2664E2F7F71A3D235E5D85FFD6EDE9A7
SRR13848205,2021-06-18 17:32:38,2021-03-03 17:11:53,31897226,1594861300,0,50,584,,https://sra-downloadb.be-md.ncbi.nlm.nih.gov/sos8/sra-pub-zq-820/SRR013/13848/SRR13848205/SRR13848205.lite.1,SRX10229678,,ChIP-Seq,ChIP,GENOMIC,SINGLE,0,0,ILLUMINA,NextSeq 500,SRP309136,PRJNA706396,3,706396,SRS8371871,SAMN18128734,simple,10090,Mus musculus,GSM5133022,,,,,,,no,,,,,GEO,SRA1202545,,public,7E4FAB4AA1C102571680FBF351AE7EAE,6705BE5161477719C6D3586FF7B5ABFD
SRR13848206,2021-06-18 17:32:38,2021-03-03 17:13:17,52784121,2639206050,0,50,1120,,https://sra-downloadb.be-md.ncbi.nlm.nih.gov/sos8/sra-pub-zq-820/SRR013/13848/SRR13848206/SRR13848206.lite.1,SRX10229679,,ChIP-Seq,ChIP,GENOMIC,SINGLE,0,0,ILLUMINA,NextSeq 500,SRP309136,PRJNA706396,3,706396,SRS8371872,SAMN18128729,simple,10090,Mus musculus,GSM5133023,,,,,,,no,,,,,GEO,SRA1202545,,public,50EB1B41106009515D9D23BF80592330,1C4CA2B3193E26435F4378B1D463A0FE
SRR13848207,2021-06-18 17:32:38,2021-03-03 17:07:59,25789763,1289488150,0,50,472,,https://sra-downloadb.be-md.ncbi.nlm.nih.gov/sos8/sra-pub-zq-820/SRR013/13848/SRR13848207/SRR13848207.lite.1,SRX10229680,,ChIP-Seq,ChIP,GENOMIC,SINGLE,0,0,ILLUMINA,NextSeq 500,SRP309136,PRJNA706396,3,706396,SRS8371873,SAMN18128733,simple,10090,Mus musculus,GSM5133024,,,,,,,no,,,,,GEO,SRA1202545,,public,6A06A13BA7107739C5CA1084114C0DC2,20C30F81E75079E6396ED910A52761A2
SRR13848208,2021-06-18 17:32:38,2021-03-03 17:09:57,31515363,1575768150,0,50,572,,https://sra-downloadb.be-md.ncbi.nlm.nih.gov/sos8/sra-pub-zq-820/SRR013/13848/SRR13848208/SRR13848208.lite.1,SRX10229681,,ChIP-Seq,ChIP,GENOMIC,SINGLE,0,0,ILLUMINA,NextSeq 500,SRP309136,PRJNA706396,3,706396,SRS8371874,SAMN18128732,simple,10090,Mus musculus,GSM5133025,,,,,,,no,,,,,GEO,SRA1202545,,public,AE9130B219CA6BBDA2557334AA32CDD4,93DF11B872C5891404891B46807CA135
SRR13848209,2021-06-18 17:32:38,2021-03-03 17:16:52,52774419,2638720950,0,50,1110,,https://sra-downloadb.be-md.ncbi.nlm.nih.gov/sos8/sra-pub-zq-820/SRR013/13848/SRR13848209/SRR13848209.lite.1,SRX10229682,,ChIP-Seq,ChIP,GENOMIC,SINGLE,0,0,ILLUMINA,NextSeq 500,SRP309136,PRJNA706396,3,706396,SRS8371875,SAMN18128731,simple,10090,Mus musculus,GSM5133027,,,,,,,no,,,,,GEO,SRA1202545,,public,150C0936F7F667BC3D022743E419FD54,F2221CAB17D2BD18356C21B843C946C1
SRR13848210,2021-06-18 17:32:38,2021-03-03 17:13:45,28984552,1449227600,0,50,526,,https://sra-downloadb.be-md.ncbi.nlm.nih.gov/sos4/sra-pub-zq-1/SRR013/13848/SRR13848210/SRR13848210.lite.1,SRX10229683,,ChIP-Seq,ChIP,GENOMIC,SINGLE,0,0,ILLUMINA,NextSeq 500,SRP309136,PRJNA706396,3,706396,SRS8371876,SAMN18128730,simple,10090,Mus musculus,GSM5133028,,,,,,,no,,,,,GEO,SRA1202545,,public,65618C250BDA7C237E15743ED3DE4ADD,E98CA3B271723EE38A61BC55DD89B2AE
SRR13848211,2021-06-18 17:32:38,2021-03-03 17:27:37,47893566,2394678300,0,50,1003,,https://sra-downloadb.be-md.ncbi.nlm.nih.gov/sos8/sra-pub-zq-820/SRR013/13848/SRR13848211/SRR13848211.lite.1,SRX10229684,,ChIP-Seq,ChIP,GENOMIC,SINGLE,0,0,ILLUMINA,NextSeq 500,SRP309136,PRJNA706396,3,706396,SRS8371879,SAMN18128728,simple,10090,Mus musculus,GSM5133030,,,,,,,no,,,,,GEO,SRA1202545,,public,78075639D87BAF9177B5ACADD204F7FF,14B3C19E1AA9A8CA1441520E8028A2D5
SRR13848212,2021-06-18 17:32:38,2021-03-03 17:09:55,29982588,1499129400,0,50,545,,https://sra-downloadb.be-md.ncbi.nlm.nih.gov/sos8/sra-pub-zq-820/SRR013/13848/SRR13848212/SRR13848212.lite.1,SRX10229685,,ChIP-Seq,ChIP,GENOMIC,SINGLE,0,0,ILLUMINA,NextSeq 500,SRP309136,PRJNA706396,3,706396,SRS8371878,SAMN18128727,simple,10090,Mus musculus,GSM5133031,,,,,,,no,,,,,GEO,SRA1202545,,public,FFE3186E46C05B804C15531640361519,60A8A67B40B9EB3EB4923B84604A2F76
SRR13848213,2021-06-18 17:32:38,2021-03-03 17:11:45,36309391,1815469550,0,50,653,,https://sra-downloadb.be-md.ncbi.nlm.nih.gov/sos8/sra-pub-zq-820/SRR013/13848/SRR13848213/SRR13848213.lite.1,SRX10229686,,ChIP-Seq,ChIP,GENOMIC,SINGLE,0,0,ILLUMINA,NextSeq 500,SRP309136,PRJNA706396,3,706396,SRS8371877,SAMN18128726,simple,10090,Mus musculus,GSM5133033,,,,,,,no,,,,,GEO,SRA1202545,,public,201864FFCA93CCB77E494B0F7FB5CD40,84BF6D1BF1F2CB04E2B92EBAF9B7F560
SRR13848215,2021-06-18 17:32:38,2021-03-03 17:17:20,54329067,2716453350,0,50,996,,https://sra-downloadb.be-md.ncbi.nlm.nih.gov/sos8/sra-pub-zq-820/SRR013/13848/SRR13848215/SRR13848215.lite.1,SRX10229688,,ChIP-Seq,ChIP,GENOMIC,SINGLE,0,0,ILLUMINA,NextSeq 500,SRP309136,PRJNA706396,3,706396,SRS8371880,SAMN18128724,simple,10090,Mus musculus,GSM5133035,,,,,,,no,,,,,GEO,SRA1202545,,public,0AE88FC57FF926877A7F53FFF83824E7,8FE2E00505436DF2FD22E326C3FD8D6A
SRR13848214,2021-06-18 17:32:38,2021-03-03 17:16:29,50942266,2547113300,0,50,935,,https://sra-downloadb.be-md.ncbi.nlm.nih.gov/sos8/sra-pub-zq-820/SRR013/13848/SRR13848214/SRR13848214.lite.1,SRX10229687,,ChIP-Seq,ChIP,GENOMIC,SINGLE,0,0,ILLUMINA,NextSeq 500,SRP309136,PRJNA706396,3,706396,SRS8371881,SAMN18128725,simple,10090,Mus musculus,GSM5133034,,,,,,,no,,,,,GEO,SRA1202545,,public,7F4FF4539DE5965969FA34ED810B3458,A1ECA8EA48F3AC79EF51DB4D7C201139
SRR13848216,2021-06-18 17:32:38,2021-03-03 17:15:41,48770186,2438509300,0,50,889,,https://sra-downloadb.be-md.ncbi.nlm.nih.gov/sos8/sra-pub-zq-820/SRR013/13848/SRR13848216/SRR13848216.lite.1,SRX10229689,,ChIP-Seq,ChIP,GENOMIC,SINGLE,0,0,ILLUMINA,NextSeq 500,SRP309136,PRJNA706396,3,706396,SRS8371882,SAMN18128723,simple,10090,Mus musculus,GSM5133036,,,,,,,no,,,,,GEO,SRA1202545,,public,06CB236E208AEF5CC9935BB4EE64B30A,5D78E3AB6E497DBA4A45FB1BD79EC885
SRR13848217,2021-06-18 17:32:38,2021-03-03 17:22:48,51110734,2555536700,0,50,931,,https://sra-downloadb.be-md.ncbi.nlm.nih.gov/sos8/sra-pub-zq-820/SRR013/13848/SRR13848217/SRR13848217.lite.1,SRX10229690,,ChIP-Seq,ChIP,GENOMIC,SINGLE,0,0,ILLUMINA,NextSeq 500,SRP309136,PRJNA706396,3,706396,SRS8371883,SAMN18128722,simple,10090,Mus musculus,GSM5133038,,,,,,,no,,,,,GEO,SRA1202545,,public,A5F98865E767FE139444366F343C53FE,57E5996328BD3F8F6558B4539A43B0C4
SRR13858328,2021-06-18 17:19:35,2021-03-04 18:10:05,76394599,11459189850,76394599,150,4198,,https://sra-downloadb.be-md.ncbi.nlm.nih.gov/sos8/sra-pub-zq-820/SRR013/13858/SRR13858328/SRR13858328.lite.1,SRX10239381,,Hi-C,other,GENOMIC,PAIRED,0,0,ILLUMINA,NextSeq 500,SRP309311,PRJNA706676,3,706676,SRS8380795,SAMN18140095,simple,10090,Mus musculus,GSM5133376,,,,,,,no,,,,,GEO,SRA1202964,,public,E29895E0605470911E154397BDF2999B,DEBD107C376298ED32CCB9EF7DEA7F43
SRR13858329,2021-06-18 17:19:35,2021-03-04 17:36:41,52883057,7932458550,52883057,150,3143,,https://sra-downloadb.be-md.ncbi.nlm.nih.gov/sos8/sra-pub-zq-820/SRR013/13858/SRR13858329/SRR13858329.lite.1,SRX10239381,,Hi-C,other,GENOMIC,PAIRED,0,0,ILLUMINA,NextSeq 500,SRP309311,PRJNA706676,3,706676,SRS8380795,SAMN18140095,simple,10090,Mus musculus,GSM5133376,,,,,,,no,,,,,GEO,SRA1202964,,public,2C6CF084142CEE16BC9785F58CB2F5DD,5566F7B570485458A0D210B03278D2DA
SRR13858330,2021-06-18 17:19:35,2021-03-04 17:43:54,76986291,11547943650,76986291,150,4394,,https://sra-downloadb.be-md.ncbi.nlm.nih.gov/sos8/sra-pub-zq-820/SRR013/13858/SRR13858330/SRR13858330.lite.1,SRX10239381,,Hi-C,other,GENOMIC,PAIRED,0,0,ILLUMINA,NextSeq 500,SRP309311,PRJNA706676,3,706676,SRS8380795,SAMN18140095,simple,10090,Mus musculus,GSM5133376,,,,,,,no,,,,,GEO,SRA1202964,,public,ACCA647F144FB657FD806D61D4502F06,851C6C39038FE1290CE52BEAEEB0AE53
SRR13858331,2021-06-18 17:19:35,2021-03-04 17:50:50,76508908,11476336200,76508908,150,4297,,https://sra-downloadb.be-md.ncbi.nlm.nih.gov/sos8/sra-pub-zq-820/SRR013/13858/SRR13858331/SRR13858331.lite.1,SRX10239382,,Hi-C,other,GENOMIC,PAIRED,0,0,ILLUMINA,NextSeq 500,SRP309311,PRJNA706676,3,706676,SRS8380796,SAMN18140094,simple,10090,Mus musculus,GSM5133377,,,,,,,no,,,,,GEO,SRA1202964,,public,6640BAB5B3ED376F6225856E4FA41A26,AF450153F3E91C3556F9AC602DDB1362
SRR13858332,2021-06-18 17:19:35,2021-03-04 18:03:05,67217162,10082574300,67217162,150,3827,,https://sra-downloadb.be-md.ncbi.nlm.nih.gov/sos8/sra-pub-zq-820/SRR013/13858/SRR13858332/SRR13858332.lite.1,SRX10239382,,Hi-C,other,GENOMIC,PAIRED,0,0,ILLUMINA,NextSeq 500,SRP309311,PRJNA706676,3,706676,SRS8380796,SAMN18140094,simple,10090,Mus musculus,GSM5133377,,,,,,,no,,,,,GEO,SRA1202964,,public,C5ECCBD6801AA865FDE13F9FA147310E,4F786B13A83E55D6EB6B2C5F0A227840
SRR13858333,2021-06-18 17:19:35,2021-03-04 17:46:44,61941501,9291225150,61941501,150,3380,,https://sra-downloadb.be-md.ncbi.nlm.nih.gov/sos8/sra-pub-zq-820/SRR013/13858/SRR13858333/SRR13858333.lite.1,SRX10239383,,Hi-C,other,GENOMIC,PAIRED,0,0,ILLUMINA,NextSeq 500,SRP309311,PRJNA706676,3,706676,SRS8380797,SAMN18140093,simple,10090,Mus musculus,GSM5133378,,,,,,,no,,,,,GEO,SRA1202964,,public,E99B8CF0C78688B75A82A0C8435B5DA4,0C2C2054D62988276B444841F6FA6730
SRR13858334,2021-06-18 17:19:35,2021-03-04 17:35:30,56458363,8468754450,56458363,150,3333,,https://sra-downloadb.be-md.ncbi.nlm.nih.gov/sos8/sra-pub-zq-820/SRR013/13858/SRR13858334/SRR13858334.lite.1,SRX10239383,,Hi-C,other,GENOMIC,PAIRED,0,0,ILLUMINA,NextSeq 500,SRP309311,PRJNA706676,3,706676,SRS8380797,SAMN18140093,simple,10090,Mus musculus,GSM5133378,,,,,,,no,,,,,GEO,SRA1202964,,public,2909B74BA03B3256266877A6C6124DD4,7CEBEB5E6789F9F81F895FCC1FBE5007
SRR13858335,2021-06-18 17:19:35,2021-03-04 17:48:48,86507422,12976113300,86507422,150,4902,,https://sra-downloadb.be-md.ncbi.nlm.nih.gov/sos8/sra-pub-zq-820/SRR013/13858/SRR13858335/SRR13858335.lite.1,SRX10239383,,Hi-C,other,GENOMIC,PAIRED,0,0,ILLUMINA,NextSeq 500,SRP309311,PRJNA706676,3,706676,SRS8380797,SAMN18140093,simple,10090,Mus musculus,GSM5133378,,,,,,,no,,,,,GEO,SRA1202964,,public,0E7FEEAEB704A9A969FDAC62001C2E3A,EB7E3B3A969F7EFD76335AF5D883260D
SRR13858336,2021-06-18 17:19:35,2021-03-04 17:35:35,54979019,8246852850,54979019,150,3092,,https://sra-downloadb.be-md.ncbi.nlm.nih.gov/sos8/sra-pub-zq-820/SRR013/13858/SRR13858336/SRR13858336.lite.1,SRX10239384,,Hi-C,other,GENOMIC,PAIRED,0,0,ILLUMINA,NextSeq 500,SRP309311,PRJNA706676,3,706676,SRS8380798,SAMN18140092,simple,10090,Mus musculus,GSM5133379,,,,,,,no,,,,,GEO,SRA1202964,,public,96347F301638ADE4A44709589A2D7E31,5B440DEB02B00A00D1D5904380E15789
SRR13858337,2021-06-18 17:19:35,2021-03-04 17:48:52,56897643,8534646450,56897643,150,3243,,https://sra-downloadb.be-md.ncbi.nlm.nih.gov/sos8/sra-pub-zq-820/SRR013/13858/SRR13858337/SRR13858337.lite.1,SRX10239384,,Hi-C,other,GENOMIC,PAIRED,0,0,ILLUMINA,NextSeq 500,SRP309311,PRJNA706676,3,706676,SRS8380798,SAMN18140092,simple,10090,Mus musculus,GSM5133379,,,,,,,no,,,,,GEO,SRA1202964,,public,67C9382DE76B4EC67D94640EDAC7262D,28E2B9763267893EC7DC3A480A233C5D
SRR13858338,2021-06-18 17:19:35,2021-03-04 17:47:40,81204351,12180652650,81204351,150,4623,,https://sra-downloadb.be-md.ncbi.nlm.nih.gov/sos8/sra-pub-zq-820/SRR013/13858/SRR13858338/SRR13858338.lite.1,SRX10239384,,Hi-C,other,GENOMIC,PAIRED,0,0,ILLUMINA,NextSeq 500,SRP309311,PRJNA706676,3,706676,SRS8380798,SAMN18140092,simple,10090,Mus musculus,GSM5133379,,,,,,,no,,,,,GEO,SRA1202964,,public,DCFECE6CFE5D4D4E5D595F93A7235297,2A8595A286F34841F4AE40ECCD14EE5C
SRR13858339,2021-06-18 17:19:35,2021-03-04 17:38:16,76855681,11528352150,76855681,150,4238,,https://sra-downloadb.be-md.ncbi.nlm.nih.gov/sos8/sra-pub-zq-820/SRR013/13858/SRR13858339/SRR13858339.lite.1,SRX10239385,,Hi-C,other,GENOMIC,PAIRED,0,0,ILLUMINA,NextSeq 500,SRP309311,PRJNA706676,3,706676,SRS8380799,SAMN18140091,simple,10090,Mus musculus,GSM5133380,,,,,,,no,,,,,GEO,SRA1202964,,public,DF949A9AA41F8F294437CF288957AB0F,DBBA246AD2164C9015BBE729896D7DA0
SRR13858340,2021-06-18 17:19:35,2021-03-05 12:15:21,49846424,7476963600,49846424,150,3063,,https://sra-downloadb.be-md.ncbi.nlm.nih.gov/sos8/sra-pub-zq-820/SRR013/13858/SRR13858340/SRR13858340.lite.1,SRX10239385,,Hi-C,other,GENOMIC,PAIRED,0,0,ILLUMINA,NextSeq 500,SRP309311,PRJNA706676,3,706676,SRS8380799,SAMN18140091,simple,10090,Mus musculus,GSM5133380,,,,,,,no,,,,,GEO,SRA1202964,,public,771C20AEBBDCD22C84D373D324D85778,C36A2D5A52AB13F1EBA488C938E46A05
SRR13858341,2021-06-18 17:19:35,2021-03-04 17:50:08,55362323,8304348450,55362323,150,3183,,https://sra-downloadb.be-md.ncbi.nlm.nih.gov/sos8/sra-pub-zq-820/SRR013/13858/SRR13858341/SRR13858341.lite.1,SRX10239385,,Hi-C,other,GENOMIC,PAIRED,0,0,ILLUMINA,NextSeq 500,SRP309311,PRJNA706676,3,706676,SRS8380799,SAMN18140091,simple,10090,Mus musculus,GSM5133380,,,,,,,no,,,,,GEO,SRA1202964,,public,1D9FE6368E9B336513E933BECC66FC96,9807F188AB5296A23D48B97D3BD26A49
SRR15680631,2021-08-31 21:38:24,2021-08-31 18:09:04,73107399,10966109850,73107399,150,3989,,https://sra-downloadb.be-md.ncbi.nlm.nih.gov/sos8/sra-pub-zq-818/SRR015/15680/SRR15680631/SRR15680631.lite.1,SRX10239385,,Hi-C,other,GENOMIC,PAIRED,0,0,ILLUMINA,NextSeq 500,SRP309311,PRJNA706676,3,706676,SRS8380799,SAMN18140091,simple,10090,Mus musculus,GSM5133380,,,,,,,no,,,,,GEO,SRA1202964,,public,1CF0632D0B8883EA6D67EDAAE3CB7B8F,7075B369458C8FD49A00467CFAD542B5
SRR15680632,2021-08-31 18:27:43,2021-08-31 18:03:52,61273482,9191022300,61273482,150,3238,,https://sra-downloadb.be-md.ncbi.nlm.nih.gov/sos8/sra-pub-zq-818/SRR015/15680/SRR15680632/SRR15680632.lite.1,SRX10239385,,Hi-C,other,GENOMIC,PAIRED,0,0,ILLUMINA,NextSeq 500,SRP309311,PRJNA706676,3,706676,SRS8380799,SAMN18140091,simple,10090,Mus musculus,GSM5133380,,,,,,,no,,,,,GEO,SRA1202964,,public,63BD643D3D6894B2DA250AC0B29853A8,8B4402CA65EC27C0F2F8DA22C39B630F
SRR15680633,2021-08-31 20:23:12,2021-08-31 18:16:24,78553406,11783010900,78553406,150,4075,,https://sra-downloadb.be-md.ncbi.nlm.nih.gov/sos8/sra-pub-zq-818/SRR015/15680/SRR15680633/SRR15680633.lite.1,SRX10239386,,Hi-C,other,GENOMIC,PAIRED,0,0,ILLUMINA,NextSeq 500,SRP309311,PRJNA706676,3,706676,SRS8380800,SAMN18140090,simple,10090,Mus musculus,GSM5133381,,,,,,,no,,,,,GEO,SRA1202964,,public,77C0AA1F3A9419F27E7187EA2B71B8D0,8175021D29720A491E319EAF4449062A
SRR15680634,2021-08-31 18:27:43,2021-08-31 17:55:20,56833620,8525043000,56833620,150,2983,,https://sra-downloadb.be-md.ncbi.nlm.nih.gov/sos8/sra-pub-zq-818/SRR015/15680/SRR15680634/SRR15680634.lite.1,SRX10239386,,Hi-C,other,GENOMIC,PAIRED,0,0,ILLUMINA,NextSeq 500,SRP309311,PRJNA706676,3,706676,SRS8380800,SAMN18140090,simple,10090,Mus musculus,GSM5133381,,,,,,,no,,,,,GEO,SRA1202964,,public,B1F8132788F4C13640DCDD19165D7ADD,05B468A39D343FE9422EDF6E17E5BD73
SRR13858342,2021-06-18 17:19:35,2021-03-04 17:48:46,53593871,8039080650,53593871,150,3021,,https://sra-downloadb.be-md.ncbi.nlm.nih.gov/sos8/sra-pub-zq-820/SRR013/13858/SRR13858342/SRR13858342.lite.1,SRX10239386,,Hi-C,other,GENOMIC,PAIRED,0,0,ILLUMINA,NextSeq 500,SRP309311,PRJNA706676,3,706676,SRS8380800,SAMN18140090,simple,10090,Mus musculus,GSM5133381,,,,,,,no,,,,,GEO,SRA1202964,,public,AFAADD2E64187E689641AB677FCB801F,C8C94BDA6CF670C54B1F93EC128BDE4F
SRR13858343,2021-06-18 17:19:35,2021-03-05 14:15:28,55869759,8380463850,55869759,150,3291,,https://sra-downloadb.be-md.ncbi.nlm.nih.gov/sos8/sra-pub-zq-820/SRR013/13858/SRR13858343/SRR13858343.lite.1,SRX10239386,,Hi-C,other,GENOMIC,PAIRED,0,0,ILLUMINA,NextSeq 500,SRP309311,PRJNA706676,3,706676,SRS8380800,SAMN18140090,simple,10090,Mus musculus,GSM5133381,,,,,,,no,,,,,GEO,SRA1202964,,public,21E2F5A2CF238AB2D05FA9F65E87B2F4,9540AF71C4F133AF422D9CCA4A3DA8BC
SRR13858344,2021-06-18 17:19:35,2021-03-04 17:59:02,92350781,13852617150,92350781,150,5271,,https://sra-downloadb.be-md.ncbi.nlm.nih.gov/sos8/sra-pub-zq-820/SRR013/13858/SRR13858344/SRR13858344.lite.1,SRX10239386,,Hi-C,other,GENOMIC,PAIRED,0,0,ILLUMINA,NextSeq 500,SRP309311,PRJNA706676,3,706676,SRS8380800,SAMN18140090,simple,10090,Mus musculus,GSM5133381,,,,,,,no,,,,,GEO,SRA1202964,,public,A022551AC27E28CCA979B21CB32EDAED,E5C6CA7D8BEB72710E49E48EE1CE2378
SRR13858345,2021-06-18 17:19:36,2021-03-04 17:42:28,56965176,8544776400,56965176,150,3121,,https://sra-downloadb.be-md.ncbi.nlm.nih.gov/sos8/sra-pub-zq-820/SRR013/13858/SRR13858345/SRR13858345.lite.1,SRX10239387,,Hi-C,other,GENOMIC,PAIRED,0,0,ILLUMINA,NextSeq 500,SRP309311,PRJNA706676,3,706676,SRS8380801,SAMN18140089,simple,10090,Mus musculus,GSM5133382,,,,,,,no,,,,,GEO,SRA1202964,,public,6882BC02D9893629FE883F2EE90812BB,7EC91F6E91914C3B64BBE2449837951A
SRR13858346,2021-06-18 17:19:36,2021-03-04 17:50:54,61085751,9162862650,61085751,150,3618,,https://sra-downloadb.be-md.ncbi.nlm.nih.gov/sos8/sra-pub-zq-820/SRR013/13858/SRR13858346/SRR13858346.lite.1,SRX10239387,,Hi-C,other,GENOMIC,PAIRED,0,0,ILLUMINA,NextSeq 500,SRP309311,PRJNA706676,3,706676,SRS8380801,SAMN18140089,simple,10090,Mus musculus,GSM5133382,,,,,,,no,,,,,GEO,SRA1202964,,public,2A3E8AA5864FA877CFEF67D390EACC2A,4300A6B48CF654494C1B30F7CBF7C0AF
SRR13858347,2021-06-18 17:19:36,2021-03-04 18:25:42,100399643,15059946450,100399643,150,5715,,https://sra-downloadb.be-md.ncbi.nlm.nih.gov/sos8/sra-pub-zq-820/SRR013/13858/SRR13858347/SRR13858347.lite.1,SRX10239387,,Hi-C,other,GENOMIC,PAIRED,0,0,ILLUMINA,NextSeq 500,SRP309311,PRJNA706676,3,706676,SRS8380801,SAMN18140089,simple,10090,Mus musculus,GSM5133382,,,,,,,no,,,,,GEO,SRA1202964,,public,11E25A613C8B71DF305DDF833EB1AD51,04A021289E71427FE770C7D010F1448E
SRR15680635,2021-08-31 18:27:43,2021-08-31 18:06:54,61170603,9175590450,61170603,150,3314,,https://sra-downloadb.be-md.ncbi.nlm.nih.gov/sos8/sra-pub-zq-818/SRR015/15680/SRR15680635/SRR15680635.lite.1,SRX10239387,,Hi-C,other,GENOMIC,PAIRED,0,0,ILLUMINA,NextSeq 500,SRP309311,PRJNA706676,3,706676,SRS8380801,SAMN18140089,simple,10090,Mus musculus,GSM5133382,,,,,,,no,,,,,GEO,SRA1202964,,public,28C115C2F4C3BBAF66370B3A56440BDB,68CFE46695043031E04103080916213A
SRR15680636,2021-08-31 18:27:43,2021-08-31 18:04:16,51767102,7765065300,51767102,150,2720,,https://sra-downloadb.be-md.ncbi.nlm.nih.gov/sos8/sra-pub-zq-818/SRR015/15680/SRR15680636/SRR15680636.lite.1,SRX10239387,,Hi-C,other,GENOMIC,PAIRED,0,0,ILLUMINA,NextSeq 500,SRP309311,PRJNA706676,3,706676,SRS8380801,SAMN18140089,simple,10090,Mus musculus,GSM5133382,,,,,,,no,,,,,GEO,SRA1202964,,public,FB532AD23EE0D31301189C97A52A2104,70149F14E42B37013BD5581103A50832
SRR15680637,2021-08-31 22:27:46,2021-08-31 18:15:23,85743795,12861569250,85743795,150,4517,,https://sra-downloadb.be-md.ncbi.nlm.nih.gov/sos8/sra-pub-zq-818/SRR015/15680/SRR15680637/SRR15680637.lite.1,SRX10239388,,Hi-C,other,GENOMIC,PAIRED,0,0,ILLUMINA,NextSeq 500,SRP309311,PRJNA706676,3,706676,SRS8380802,SAMN18140110,simple,10090,Mus musculus,GSM5133383,,,,,,,no,,,,,GEO,SRA1202964,,public,775477413E3D7482C92590613A74041E,5C59685635E393DACA816D086F5FAFA9
SRR15680638,2021-08-31 18:27:43,2021-08-31 18:03:15,60800748,9120112200,60800748,150,3247,,https://sra-downloadb.be-md.ncbi.nlm.nih.gov/sos8/sra-pub-zq-818/SRR015/15680/SRR15680638/SRR15680638.lite.1,SRX10239388,,Hi-C,other,GENOMIC,PAIRED,0,0,ILLUMINA,NextSeq 500,SRP309311,PRJNA706676,3,706676,SRS8380802,SAMN18140110,simple,10090,Mus musculus,GSM5133383,,,,,,,no,,,,,GEO,SRA1202964,,public,CE976E502F91D4DA7335C7DEE4639480,7E5AB372775188EE8030022073071A9A
SRR13858348,2021-06-18 17:19:36,2021-03-04 17:40:47,61558321,9233748150,61558321,150,3510,,https://sra-downloadb.be-md.ncbi.nlm.nih.gov/sos8/sra-pub-zq-820/SRR013/13858/SRR13858348/SRR13858348.lite.1,SRX10239388,,Hi-C,other,GENOMIC,PAIRED,0,0,ILLUMINA,NextSeq 500,SRP309311,PRJNA706676,3,706676,SRS8380802,SAMN18140110,simple,10090,Mus musculus,GSM5133383,,,,,,,no,,,,,GEO,SRA1202964,,public,D560FB7C1262B9017367B5F561C89D6E,E936466A5C22E35D2A615E584044BA6C
SRR13858349,2021-06-18 17:19:36,2021-03-05 10:14:50,56211286,8431692900,56211286,150,3338,,https://sra-downloadb.be-md.ncbi.nlm.nih.gov/sos8/sra-pub-zq-820/SRR013/13858/SRR13858349/SRR13858349.lite.1,SRX10239388,,Hi-C,other,GENOMIC,PAIRED,0,0,ILLUMINA,NextSeq 500,SRP309311,PRJNA706676,3,706676,SRS8380802,SAMN18140110,simple,10090,Mus musculus,GSM5133383,,,,,,,no,,,,,GEO,SRA1202964,,public,39D8AEB03115CCC37FCF2834F729C0B9,A91C4EE6DDA1CD9D97D909D5AC84929C
SRR13858350,2021-06-18 17:19:36,2021-03-04 17:16:26,19970659,2995598850,19970659,150,1153,,https://sra-downloadb.be-md.ncbi.nlm.nih.gov/sos8/sra-pub-zq-820/SRR013/13858/SRR13858350/SRR13858350.lite.1,SRX10239388,,Hi-C,other,GENOMIC,PAIRED,0,0,ILLUMINA,NextSeq 500,SRP309311,PRJNA706676,3,706676,SRS8380802,SAMN18140110,simple,10090,Mus musculus,GSM5133383,,,,,,,no,,,,,GEO,SRA1202964,,public,942E6A37A95CB000AA48CDA9B2F9F0E3,B12EB2FC4243CEDB4AD2EE78927A4FEB
SRR13858351,2021-06-18 17:19:36,2021-03-04 17:39:07,65484908,9822736200,65484908,150,3712,,https://sra-downloadb.be-md.ncbi.nlm.nih.gov/sos8/sra-pub-zq-820/SRR013/13858/SRR13858351/SRR13858351.lite.1,SRX10239389,,Hi-C,other,GENOMIC,PAIRED,0,0,ILLUMINA,NextSeq 500,SRP309311,PRJNA706676,3,706676,SRS8380803,SAMN18140109,simple,10090,Mus musculus,GSM5133384,,,,,,,no,,,,,GEO,SRA1202964,,public,8DFD7893B22B5946E46A13818C29FB4B,17B63507BEC7D92687DFC241EEDE4C74
SRR13858352,2021-06-18 17:19:36,2021-03-04 17:44:07,38110616,5716592400,38110616,150,2339,,https://sra-downloadb.be-md.ncbi.nlm.nih.gov/sos8/sra-pub-zq-820/SRR013/13858/SRR13858352/SRR13858352.lite.1,SRX10239389,,Hi-C,other,GENOMIC,PAIRED,0,0,ILLUMINA,NextSeq 500,SRP309311,PRJNA706676,3,706676,SRS8380803,SAMN18140109,simple,10090,Mus musculus,GSM5133384,,,,,,,no,,,,,GEO,SRA1202964,,public,6DD88912EFCB47801130BF89E0D5A620,1B3889323FD0B7774898AA518914C5C9
SRR13858353,2021-06-18 17:19:36,2021-03-05 16:50:17,77061708,11559256200,77061708,150,4692,,https://sra-downloadb.be-md.ncbi.nlm.nih.gov/sos8/sra-pub-zq-820/SRR013/13858/SRR13858353/SRR13858353.lite.1,SRX10239389,,Hi-C,other,GENOMIC,PAIRED,0,0,ILLUMINA,NextSeq 500,SRP309311,PRJNA706676,3,706676,SRS8380803,SAMN18140109,simple,10090,Mus musculus,GSM5133384,,,,,,,no,,,,,GEO,SRA1202964,,public,55EB4EDB281A275FD6D5F0F1C88BC926,F6B756791C2EA94A04B0EF864F0D5032
SRR15680639,2021-08-31 20:23:12,2021-08-31 18:15:40,80303333,12045499950,80303333,150,4483,,https://sra-downloadb.be-md.ncbi.nlm.nih.gov/sos8/sra-pub-zq-818/SRR015/15680/SRR15680639/SRR15680639.lite.1,SRX10239389,,Hi-C,other,GENOMIC,PAIRED,0,0,ILLUMINA,NextSeq 500,SRP309311,PRJNA706676,3,706676,SRS8380803,SAMN18140109,simple,10090,Mus musculus,GSM5133384,,,,,,,no,,,,,GEO,SRA1202964,,public,7FE18E1B2F089B17F08A2E8B42093353,0A3D4E9A9C8B4093C333FA9E5D865C37
SRR15680640,2021-08-31 18:27:43,2021-08-31 17:58:55,70477048,10571557200,70477048,150,3820,,https://sra-downloadb.be-md.ncbi.nlm.nih.gov/sos8/sra-pub-zq-818/SRR015/15680/SRR15680640/SRR15680640.lite.1,SRX10239389,,Hi-C,other,GENOMIC,PAIRED,0,0,ILLUMINA,NextSeq 500,SRP309311,PRJNA706676,3,706676,SRS8380803,SAMN18140109,simple,10090,Mus musculus,GSM5133384,,,,,,,no,,,,,GEO,SRA1202964,,public,FF46469689C25E6FA89D99DD401A88E4,609D8FC5675E233E5FD81006A0A07E38
SRR15680641,2021-08-31 18:46:22,2021-08-31 18:23:09,87583193,13137478950,87583193,150,4523,,https://sra-downloadb.be-md.ncbi.nlm.nih.gov/sos8/sra-pub-zq-818/SRR015/15680/SRR15680641/SRR15680641.lite.1,SRX10239390,,Hi-C,other,GENOMIC,PAIRED,0,0,ILLUMINA,NextSeq 500,SRP309311,PRJNA706676,3,706676,SRS8380804,SAMN18140108,simple,10090,Mus musculus,GSM5133385,,,,,,,no,,,,,GEO,SRA1202964,,public,029510CF0F1612B69DD006F26CC2C9B8,594EB7D76E9872A6B65E7AEDF0D4CA4A
SRR15680642,2021-08-31 18:27:43,2021-08-31 18:01:26,60134127,9020119050,60134127,150,3144,,https://sra-downloadb.be-md.ncbi.nlm.nih.gov/sos8/sra-pub-zq-818/SRR015/15680/SRR15680642/SRR15680642.lite.1,SRX10239390,,Hi-C,other,GENOMIC,PAIRED,0,0,ILLUMINA,NextSeq 500,SRP309311,PRJNA706676,3,706676,SRS8380804,SAMN18140108,simple,10090,Mus musculus,GSM5133385,,,,,,,no,,,,,GEO,SRA1202964,,public,CB75B4411FC70343E6953C4ED82D01C6,B16C9E9B175F6A8637CEC7F9B8DF0F6A
SRR13858354,2021-06-18 17:19:36,2021-03-04 17:35:50,53497082,8024562300,53497082,150,2994,,https://sra-downloadb.be-md.ncbi.nlm.nih.gov/sos8/sra-pub-zq-820/SRR013/13858/SRR13858354/SRR13858354.lite.1,SRX10239390,,Hi-C,other,GENOMIC,PAIRED,0,0,ILLUMINA,NextSeq 500,SRP309311,PRJNA706676,3,706676,SRS8380804,SAMN18140108,simple,10090,Mus musculus,GSM5133385,,,,,,,no,,,,,GEO,SRA1202964,,public,030726D68B407A641D883FB60EAF7B4F,1AD5854B69F44C6FBD0D16320AB76F5F
SRR13858355,2021-06-18 17:19:36,2021-03-04 18:03:10,55161592,8274238800,55161592,150,3127,,https://sra-downloadb.be-md.ncbi.nlm.nih.gov/sos8/sra-pub-zq-820/SRR013/13858/SRR13858355/SRR13858355.lite.1,SRX10239390,,Hi-C,other,GENOMIC,PAIRED,0,0,ILLUMINA,NextSeq 500,SRP309311,PRJNA706676,3,706676,SRS8380804,SAMN18140108,simple,10090,Mus musculus,GSM5133385,,,,,,,no,,,,,GEO,SRA1202964,,public,57ED17410439255065EDF1CA917B7A06,36BE405BCDB8F35A82AF5E43AC304DFB
SRR13858356,2021-06-18 17:19:36,2021-03-04 17:47:18,88420474,13263071100,88420474,150,5008,,https://sra-downloadb.be-md.ncbi.nlm.nih.gov/sos8/sra-pub-zq-820/SRR013/13858/SRR13858356/SRR13858356.lite.1,SRX10239390,,Hi-C,other,GENOMIC,PAIRED,0,0,ILLUMINA,NextSeq 500,SRP309311,PRJNA706676,3,706676,SRS8380804,SAMN18140108,simple,10090,Mus musculus,GSM5133385,,,,,,,no,,,,,GEO,SRA1202964,,public,E75A0FE4D599E544ADF9AAEFE66B9D85,9368153F788D6B8351FA39E125EEEAD8
SRR13858357,2021-06-18 17:19:36,2021-03-04 17:41:15,72900013,10935001950,72900013,150,3987,,https://sra-downloadb.be-md.ncbi.nlm.nih.gov/sos8/sra-pub-zq-820/SRR013/13858/SRR13858357/SRR13858357.lite.1,SRX10239391,,Hi-C,other,GENOMIC,PAIRED,0,0,ILLUMINA,NextSeq 500,SRP309311,PRJNA706676,3,706676,SRS8380805,SAMN18140107,simple,10090,Mus musculus,GSM5133386,,,,,,,no,,,,,GEO,SRA1202964,,public,0E02E2DFD70887358A7BED3757E148D9,3E7F63455F759B42C7FD3DC8DBB73AD4
SRR13858358,2021-06-18 17:19:36,2021-03-04 17:28:56,43685590,6552838500,43685590,150,2583,,https://sra-downloadb.be-md.ncbi.nlm.nih.gov/sos8/sra-pub-zq-820/SRR013/13858/SRR13858358/SRR13858358.lite.1,SRX10239391,,Hi-C,other,GENOMIC,PAIRED,0,0,ILLUMINA,NextSeq 500,SRP309311,PRJNA706676,3,706676,SRS8380805,SAMN18140107,simple,10090,Mus musculus,GSM5133386,,,,,,,no,,,,,GEO,SRA1202964,,public,94EADCD2E79F9ABF321E074A49E29CDB,99B40EF4A498964C4555FC8EBDDE0D50
SRR13858359,2021-06-18 17:19:36,2021-03-04 17:50:40,61427787,9214168050,61427787,150,3487,,https://sra-downloadb.be-md.ncbi.nlm.nih.gov/sos8/sra-pub-zq-820/SRR013/13858/SRR13858359/SRR13858359.lite.1,SRX10239391,,Hi-C,other,GENOMIC,PAIRED,0,0,ILLUMINA,NextSeq 500,SRP309311,PRJNA706676,3,706676,SRS8380805,SAMN18140107,simple,10090,Mus musculus,GSM5133386,,,,,,,no,,,,,GEO,SRA1202964,,public,F92936ED7844A77D0AD1C6140B9FCB6D,527903540F88635B540F4CF22A953309
SRR15680643,2021-08-31 18:27:43,2021-08-31 18:11:09,63972807,9595921050,63972807,150,3464,,https://sra-downloadb.be-md.ncbi.nlm.nih.gov/sos8/sra-pub-zq-818/SRR015/15680/SRR15680643/SRR15680643.lite.1,SRX10239391,,Hi-C,other,GENOMIC,PAIRED,0,0,ILLUMINA,NextSeq 500,SRP309311,PRJNA706676,3,706676,SRS8380805,SAMN18140107,simple,10090,Mus musculus,GSM5133386,,,,,,,no,,,,,GEO,SRA1202964,,public,1968C120E2B01A870CC956235C99D92D,637E362769100C7DA96476884BFFC60B
SRR15680644,2021-08-31 18:27:43,2021-08-31 18:06:27,65119115,9767867250,65119115,150,3422,,https://sra-downloadb.be-md.ncbi.nlm.nih.gov/sos8/sra-pub-zq-818/SRR015/15680/SRR15680644/SRR15680644.lite.1,SRX10239391,,Hi-C,other,GENOMIC,PAIRED,0,0,ILLUMINA,NextSeq 500,SRP309311,PRJNA706676,3,706676,SRS8380805,SAMN18140107,simple,10090,Mus musculus,GSM5133386,,,,,,,no,,,,,GEO,SRA1202964,,public,6A75A25ECAB5DD901DD25264CE1C5E1C,7748101EF09C44603BBA301E880D9D75
SRR15680645,2021-08-31 18:46:22,2021-08-31 18:19:09,84104885,12615732750,84104885,150,4364,,https://sra-downloadb.be-md.ncbi.nlm.nih.gov/sos8/sra-pub-zq-818/SRR015/15680/SRR15680645/SRR15680645.lite.1,SRX10239392,,Hi-C,other,GENOMIC,PAIRED,0,0,ILLUMINA,NextSeq 500,SRP309311,PRJNA706676,3,706676,SRS8380806,SAMN18140106,simple,10090,Mus musculus,GSM5133387,,,,,,,no,,,,,GEO,SRA1202964,,public,746BBFD51ED8DEF0D9DF82E0EF969757,4CB6C9FAF7768A36EC59D159770F294D
SRR15680646,2021-08-31 18:27:43,2021-08-31 18:04:18,60473985,9071097750,60473985,150,3180,,https://sra-downloadb.be-md.ncbi.nlm.nih.gov/sos8/sra-pub-zq-818/SRR015/15680/SRR15680646/SRR15680646.lite.1,SRX10239392,,Hi-C,other,GENOMIC,PAIRED,0,0,ILLUMINA,NextSeq 500,SRP309311,PRJNA706676,3,706676,SRS8380806,SAMN18140106,simple,10090,Mus musculus,GSM5133387,,,,,,,no,,,,,GEO,SRA1202964,,public,64050D18C5C9F26E4C35C54C6DF84A27,C63CD647C9436AD351BEE67576439C9B
SRR13858360,2021-06-18 17:19:36,2021-03-04 17:42:14,49892948,7483942200,49892948,150,2811,,https://sra-downloadb.be-md.ncbi.nlm.nih.gov/sos8/sra-pub-zq-820/SRR013/13858/SRR13858360/SRR13858360.lite.1,SRX10239392,,Hi-C,other,GENOMIC,PAIRED,0,0,ILLUMINA,NextSeq 500,SRP309311,PRJNA706676,3,706676,SRS8380806,SAMN18140106,simple,10090,Mus musculus,GSM5133387,,,,,,,no,,,,,GEO,SRA1202964,,public,B106E984481288FB77CBBC19FA8361C8,6F758E9B0F4CA706279ABAB342D19E07
SRR13858361,2021-06-18 17:19:36,2021-03-04 17:36:42,55075980,8261397000,55075980,150,3146,,https://sra-downloadb.be-md.ncbi.nlm.nih.gov/sos8/sra-pub-zq-820/SRR013/13858/SRR13858361/SRR13858361.lite.1,SRX10239392,,Hi-C,other,GENOMIC,PAIRED,0,0,ILLUMINA,NextSeq 500,SRP309311,PRJNA706676,3,706676,SRS8380806,SAMN18140106,simple,10090,Mus musculus,GSM5133387,,,,,,,no,,,,,GEO,SRA1202964,,public,3254DECA3D5A9E1BED86DC20ACB34FA7,6F30E063BA2B83421EE87DE70190C3C8
SRR13858362,2021-06-18 17:19:36,2021-03-04 18:12:24,86117563,12917634450,86117563,150,4912,,https://sra-downloadb.be-md.ncbi.nlm.nih.gov/sos8/sra-pub-zq-820/SRR013/13858/SRR13858362/SRR13858362.lite.1,SRX10239392,,Hi-C,other,GENOMIC,PAIRED,0,0,ILLUMINA,NextSeq 500,SRP309311,PRJNA706676,3,706676,SRS8380806,SAMN18140106,simple,10090,Mus musculus,GSM5133387,,,,,,,no,,,,,GEO,SRA1202964,,public,523B92161D9DABD93E4BCF4793B3922C,BD5FE54CB60EEF70984CDFA4DC588CFA
SRR13858363,2021-06-18 17:19:36,2021-03-05 03:42:13,133920297,20088044550,133920297,150,7597,,https://sra-downloadb.be-md.ncbi.nlm.nih.gov/sos4/sra-pub-zq-1/SRR013/13858/SRR13858363/SRR13858363.lite.1,SRX10239393,,Hi-C,other,GENOMIC,PAIRED,0,0,ILLUMINA,NextSeq 500,SRP309311,PRJNA706676,3,706676,SRS8380807,SAMN18140105,simple,10090,Mus musculus,GSM5133388,,,,,,,no,,,,,GEO,SRA1202964,,public,B008EDF838FFC2A15A8BA834AE4BDAE4,208B39AAE52E8B5FC79C9B364F3AA012
SRR13858364,2021-06-18 17:19:36,2021-03-04 17:53:52,93969824,14095473600,93969824,150,5598,,https://sra-downloadb.be-md.ncbi.nlm.nih.gov/sos8/sra-pub-zq-820/SRR013/13858/SRR13858364/SRR13858364.lite.1,SRX10239393,,Hi-C,other,GENOMIC,PAIRED,0,0,ILLUMINA,NextSeq 500,SRP309311,PRJNA706676,3,706676,SRS8380807,SAMN18140105,simple,10090,Mus musculus,GSM5133388,,,,,,,no,,,,,GEO,SRA1202964,,public,ACC6739A987030F41A26514963E7FF04,BF4BB1C81436186F0A6D8364722187E2
SRR15680647,2021-08-31 18:46:22,2021-08-31 18:31:11,99039458,14855918700,99039458,150,5449,,https://sra-downloadb.be-md.ncbi.nlm.nih.gov/sos8/sra-pub-zq-818/SRR015/15680/SRR15680647/SRR15680647.lite.1,SRX10239393,,Hi-C,other,GENOMIC,PAIRED,0,0,ILLUMINA,NextSeq 500,SRP309311,PRJNA706676,3,706676,SRS8380807,SAMN18140105,simple,10090,Mus musculus,GSM5133388,,,,,,,no,,,,,GEO,SRA1202964,,public,10D48D78F742C45EA936A58BE4CECC6B,0819AADD5961A1EFDE80B1A1EE7FEAB7
SRR15680648,2021-08-31 18:27:43,2021-08-31 18:11:10,81500937,12225140550,81500937,150,4265,,https://sra-downloadb.be-md.ncbi.nlm.nih.gov/sos8/sra-pub-zq-818/SRR015/15680/SRR15680648/SRR15680648.lite.1,SRX10239394,,Hi-C,other,GENOMIC,PAIRED,0,0,ILLUMINA,NextSeq 500,SRP309311,PRJNA706676,3,706676,SRS8380808,SAMN18140104,simple,10090,Mus musculus,GSM5133389,,,,,,,no,,,,,GEO,SRA1202964,,public,086A946658EC5A2F847958CB02F63B95,B12DA012A85EF9107922DFA3CB136731
SRR15680649,2021-08-31 18:27:43,2021-08-31 17:44:22,19774757,2966213550,19774757,150,1049,,https://sra-downloadb.be-md.ncbi.nlm.nih.gov/sos8/sra-pub-zq-818/SRR015/15680/SRR15680649/SRR15680649.lite.1,SRX10239394,,Hi-C,other,GENOMIC,PAIRED,0,0,ILLUMINA,NextSeq 500,SRP309311,PRJNA706676,3,706676,SRS8380808,SAMN18140104,simple,10090,Mus musculus,GSM5133389,,,,,,,no,,,,,GEO,SRA1202964,,public,212FDCD09716E3898B368BE06769F5BC,254D869B7A54F0F4BB7798F54E7B1ED1
SRR13858365,2021-06-18 17:19:36,2021-03-05 12:30:46,55366709,8305006350,55366709,150,3248,,https://sra-downloadb.be-md.ncbi.nlm.nih.gov/sos4/sra-pub-zq-1/SRR013/13858/SRR13858365/SRR13858365.lite.1,SRX10239394,,Hi-C,other,GENOMIC,PAIRED,0,0,ILLUMINA,NextSeq 500,SRP309311,PRJNA706676,3,706676,SRS8380808,SAMN18140104,simple,10090,Mus musculus,GSM5133389,,,,,,,no,,,,,GEO,SRA1202964,,public,A450D4C327A727FA4E865BF3576CC6A8,BEBEF10E52B1DFFDFF89F155A41172DF
SRR13858366,2021-06-18 17:19:36,2021-03-05 12:06:38,58876284,8831442600,58876284,150,3494,,https://sra-downloadb.be-md.ncbi.nlm.nih.gov/sos8/sra-pub-zq-820/SRR013/13858/SRR13858366/SRR13858366.lite.1,SRX10239394,,Hi-C,other,GENOMIC,PAIRED,0,0,ILLUMINA,NextSeq 500,SRP309311,PRJNA706676,3,706676,SRS8380808,SAMN18140104,simple,10090,Mus musculus,GSM5133389,,,,,,,no,,,,,GEO,SRA1202964,,public,7CBCC9657BD94D360F615DC1C64B6A98,FB2D7F5413F2D510321712DA1BEA3A4D
SRR13858367,2021-06-18 17:19:36,2021-03-04 18:24:49,75884768,11382715200,75884768,150,4369,,https://sra-downloadb.be-md.ncbi.nlm.nih.gov/sos8/sra-pub-zq-820/SRR013/13858/SRR13858367/SRR13858367.lite.1,SRX10239394,,Hi-C,other,GENOMIC,PAIRED,0,0,ILLUMINA,NextSeq 500,SRP309311,PRJNA706676,3,706676,SRS8380808,SAMN18140104,simple,10090,Mus musculus,GSM5133389,,,,,,,no,,,,,GEO,SRA1202964,,public,11AC7CE9D4905DFD5A585B97D3E6156E,A4B496CC7F3B614F36537A32006C7F61
SRR13858368,2021-06-18 17:19:36,2021-03-05 02:48:59,114093544,17114031600,114093544,150,6497,,https://sra-downloadb.be-md.ncbi.nlm.nih.gov/sos4/sra-pub-zq-1/SRR013/13858/SRR13858368/SRR13858368.lite.1,SRX10239395,,Hi-C,other,GENOMIC,PAIRED,0,0,ILLUMINA,NextSeq 500,SRP309311,PRJNA706676,3,706676,SRS8380809,SAMN18140103,simple,10090,Mus musculus,GSM5133390,,,,,,,no,,,,,GEO,SRA1202964,,public,9C5B06A2B43CF75F9D1FEC85CB7D6574,CFB2F2E09C7A32A83569040A3087C4A2
SRR13858369,2021-06-18 17:19:36,2021-03-05 02:40:11,109438673,16415800950,109438673,150,6154,,https://sra-downloadb.be-md.ncbi.nlm.nih.gov/sos4/sra-pub-zq-1/SRR013/13858/SRR13858369/SRR13858369.lite.1,SRX10239396,,Hi-C,other,GENOMIC,PAIRED,0,0,ILLUMINA,NextSeq 500,SRP309311,PRJNA706676,3,706676,SRS8380810,SAMN18140102,simple,10090,Mus musculus,GSM5133391,,,,,,,no,,,,,GEO,SRA1202964,,public,7064AFF4DFBBDD492B1B5375F89BC747,A0D80AF31E168907AA9657F509C229ED
SRR13858370,2021-06-18 17:19:36,2021-03-05 03:31:13,122785926,18417888900,122785926,150,7136,,https://sra-downloadb.be-md.ncbi.nlm.nih.gov/sos4/sra-pub-zq-1/SRR013/13858/SRR13858370/SRR13858370.lite.1,SRX10239396,,Hi-C,other,GENOMIC,PAIRED,0,0,ILLUMINA,NextSeq 500,SRP309311,PRJNA706676,3,706676,SRS8380810,SAMN18140102,simple,10090,Mus musculus,GSM5133391,,,,,,,no,,,,,GEO,SRA1202964,,public,BC5B901FF6701A002D5CE4467CB5C91F,2A8BC0FE465DA62A431D745CCA923F69
SRR15680650,2021-08-31 18:27:43,2021-08-31 17:56:01,50703735,7605560250,50703735,150,2725,,https://sra-downloadb.be-md.ncbi.nlm.nih.gov/sos8/sra-pub-zq-818/SRR015/15680/SRR15680650/SRR15680650.lite.1,SRX10239396,,Hi-C,other,GENOMIC,PAIRED,0,0,ILLUMINA,NextSeq 500,SRP309311,PRJNA706676,3,706676,SRS8380810,SAMN18140102,simple,10090,Mus musculus,GSM5133391,,,,,,,no,,,,,GEO,SRA1202964,,public,E0973A3BD0EFBB1025238274F202CBB8,66189724BBA9E10653CE781B49493873
SRR15680651,2021-08-31 20:23:12,2021-08-31 18:17:08,89632842,13444926300,89632842,150,4694,,https://sra-downloadb.be-md.ncbi.nlm.nih.gov/sos8/sra-pub-zq-818/SRR015/15680/SRR15680651/SRR15680651.lite.1,SRX10239397,,Hi-C,other,GENOMIC,PAIRED,0,0,ILLUMINA,NextSeq 500,SRP309311,PRJNA706676,3,706676,SRS8380811,SAMN18140101,simple,10090,Mus musculus,GSM5133392,,,,,,,no,,,,,GEO,SRA1202964,,public,3BC0B4FBC64EFD7D5C6F6CC8B75746D6,85A35B5551C4DC33D30F2314367C7340
SRR15680652,2021-08-31 18:27:43,2021-08-31 17:43:26,14585819,2187872850,14585819,150,775,,https://sra-downloadb.be-md.ncbi.nlm.nih.gov/sos9/sra-pub-zq-924/SRR015/15680/SRR15680652/SRR15680652.lite.1,SRX10239397,,Hi-C,other,GENOMIC,PAIRED,0,0,ILLUMINA,NextSeq 500,SRP309311,PRJNA706676,3,706676,SRS8380811,SAMN18140101,simple,10090,Mus musculus,GSM5133392,,,,,,,no,,,,,GEO,SRA1202964,,public,F912E34347B1BBB1FA94ED418B40A856,B063A7AC007C76624CB058405F23B2B0
SRR13858371,2021-06-18 17:19:36,2021-03-04 17:56:31,57699095,8654864250,57699095,150,3269,,https://sra-downloadb.be-md.ncbi.nlm.nih.gov/sos8/sra-pub-zq-820/SRR013/13858/SRR13858371/SRR13858371.lite.1,SRX10239397,,Hi-C,other,GENOMIC,PAIRED,0,0,ILLUMINA,NextSeq 500,SRP309311,PRJNA706676,3,706676,SRS8380811,SAMN18140101,simple,10090,Mus musculus,GSM5133392,,,,,,,no,,,,,GEO,SRA1202964,,public,949ACA92509D725BE10ACD8567E5D3FA,FBF95C90354D6D4C47C89EAD2E2D3053
SRR13858372,2021-06-18 17:19:36,2021-03-04 17:37:13,59126439,8868965850,59126439,150,3389,,https://sra-downloadb.be-md.ncbi.nlm.nih.gov/sos8/sra-pub-zq-820/SRR013/13858/SRR13858372/SRR13858372.lite.1,SRX10239397,,Hi-C,other,GENOMIC,PAIRED,0,0,ILLUMINA,NextSeq 500,SRP309311,PRJNA706676,3,706676,SRS8380811,SAMN18140101,simple,10090,Mus musculus,GSM5133392,,,,,,,no,,,,,GEO,SRA1202964,,public,CC46A90D880AE5AC9D40CE678D11219D,9915B24020C549891C96796848E64D0E
SRR13858373,2021-06-18 17:19:36,2021-03-05 03:48:13,138846460,20826969000,138846460,150,7859,,https://sra-downloadb.be-md.ncbi.nlm.nih.gov/sos4/sra-pub-zq-1/SRR013/13858/SRR13858373/SRR13858373.lite.1,SRX10239398,,Hi-C,other,GENOMIC,PAIRED,0,0,ILLUMINA,NextSeq 500,SRP309311,PRJNA706676,3,706676,SRS8380812,SAMN18140100,simple,10090,Mus musculus,GSM5133393,,,,,,,no,,,,,GEO,SRA1202964,,public,B1A7932DCBA0D17DC9ED07D32B15E230,623C1C02676A7CC7E0ACAA25FF79C781
SRR13858374,2021-06-18 17:19:36,2021-03-05 02:56:08,105801141,15870171150,105801141,150,4960,,https://sra-downloadb.be-md.ncbi.nlm.nih.gov/sos4/sra-pub-zq-1/SRR013/13858/SRR13858374/SRR13858374.lite.1,SRX10239399,,Hi-C,other,GENOMIC,PAIRED,0,0,ILLUMINA,NextSeq 500,SRP309311,PRJNA706676,3,706676,SRS8380813,SAMN18140099,simple,10090,Mus musculus,GSM5133394,,,,,,,no,,,,,GEO,SRA1202964,,public,4F5CB8A7BE3FA1B455253B5C79E24E84,30DBDA3A58C1ADDADB20722986BE1036
SRR13858375,2021-06-18 17:19:36,2021-03-05 03:38:14,133601537,20040230550,133601537,150,6307,,https://sra-downloadb.be-md.ncbi.nlm.nih.gov/sos4/sra-pub-zq-1/SRR013/13858/SRR13858375/SRR13858375.lite.1,SRX10239399,,Hi-C,other,GENOMIC,PAIRED,0,0,ILLUMINA,NextSeq 500,SRP309311,PRJNA706676,3,706676,SRS8380813,SAMN18140099,simple,10090,Mus musculus,GSM5133394,,,,,,,no,,,,,GEO,SRA1202964,,public,70591CC694EDD887E688B6BD1E47318A,B16DDBE3B91D61838D6C23C7A1FA2FD7
SRR13858376,2021-06-18 17:19:36,2021-03-04 17:50:13,101352522,15202878300,101352522,150,4746,,https://sra-downloadb.be-md.ncbi.nlm.nih.gov/sos8/sra-pub-zq-820/SRR013/13858/SRR13858376/SRR13858376.lite.1,SRX10239399,,Hi-C,other,GENOMIC,PAIRED,0,0,ILLUMINA,NextSeq 500,SRP309311,PRJNA706676,3,706676,SRS8380813,SAMN18140099,simple,10090,Mus musculus,GSM5133394,,,,,,,no,,,,,GEO,SRA1202964,,public,C29133B0EF734C65F0C4EB4C2EA5A071,1E3412938F74D62FA223DA04E7308BA4
SRR13858377,2021-06-18 17:19:36,2021-03-05 02:42:36,108749714,16312457100,108749714,150,5075,,https://sra-downloadb.be-md.ncbi.nlm.nih.gov/sos4/sra-pub-zq-1/SRR013/13858/SRR13858377/SRR13858377.lite.1,SRX10239400,,Hi-C,other,GENOMIC,PAIRED,0,0,ILLUMINA,NextSeq 500,SRP309311,PRJNA706676,3,706676,SRS8380814,SAMN18140098,simple,10090,Mus musculus,GSM5133395,,,,,,,no,,,,,GEO,SRA1202964,,public,36175BBB4175990C70F162C17C1FD056,758DA42226F492BC775C0DD3FC8DEF48
SRR13858378,2021-06-18 17:19:36,2021-03-05 03:51:06,141598330,21239749500,141598330,150,6658,,https://sra-downloadb.be-md.ncbi.nlm.nih.gov/sos4/sra-pub-zq-1/SRR013/13858/SRR13858378/SRR13858378.lite.1,SRX10239400,,Hi-C,other,GENOMIC,PAIRED,0,0,ILLUMINA,NextSeq 500,SRP309311,PRJNA706676,3,706676,SRS8380814,SAMN18140098,simple,10090,Mus musculus,GSM5133395,,,,,,,no,,,,,GEO,SRA1202964,,public,B3E354542E15DCF756824B7D29190757,770CE253FB4BC07293FA26E87959E3AE
SRR13858379,2021-06-18 17:19:36,2021-03-05 02:58:06,105085853,15762877950,105085853,150,4901,,https://sra-downloadb.be-md.ncbi.nlm.nih.gov/sos8/sra-pub-zq-820/SRR013/13858/SRR13858379/SRR13858379.lite.1,SRX10239400,,Hi-C,other,GENOMIC,PAIRED,0,0,ILLUMINA,NextSeq 500,SRP309311,PRJNA706676,3,706676,SRS8380814,SAMN18140098,simple,10090,Mus musculus,GSM5133395,,,,,,,no,,,,,GEO,SRA1202964,,public,CEDAC58FD701BDEA4567C41174160CFD,B189B617A1DA1B0CA2C11EA92F884033
SRR13858380,2021-06-18 17:19:36,2021-03-05 18:43:43,78161104,11724165600,78161104,150,3719,,https://sra-downloadb.be-md.ncbi.nlm.nih.gov/sos4/sra-pub-zq-1/SRR013/13858/SRR13858380/SRR13858380.lite.1,SRX10239401,,Hi-C,other,GENOMIC,PAIRED,0,0,ILLUMINA,NextSeq 500,SRP309311,PRJNA706676,3,706676,SRS8380815,SAMN18140097,simple,10090,Mus musculus,GSM5133396,,,,,,,no,,,,,GEO,SRA1202964,,public,A4D986BFDE92B7272F3EC99BB99CB857,38BC7C7DA6E1F7717683F76D8C3E78AA
SRR13858381,2021-06-18 17:19:36,2021-03-05 02:30:39,110760362,16614054300,110760362,150,5212,,https://sra-downloadb.be-md.ncbi.nlm.nih.gov/sos8/sra-pub-zq-820/SRR013/13858/SRR13858381/SRR13858381.lite.1,SRX10239401,,Hi-C,other,GENOMIC,PAIRED,0,0,ILLUMINA,NextSeq 500,SRP309311,PRJNA706676,3,706676,SRS8380815,SAMN18140097,simple,10090,Mus musculus,GSM5133396,,,,,,,no,,,,,GEO,SRA1202964,,public,5B4E328A6D95AD94AEEEAC17D0140F36,AD6A213E9E439B71F3E5694186627170
SRR13858382,2021-06-18 17:19:36,2021-03-05 04:17:42,157472451,23620867650,157472451,150,7362,,https://sra-downloadb.be-md.ncbi.nlm.nih.gov/sos4/sra-pub-zq-1/SRR013/13858/SRR13858382/SRR13858382.lite.1,SRX10239401,,Hi-C,other,GENOMIC,PAIRED,0,0,ILLUMINA,NextSeq 500,SRP309311,PRJNA706676,3,706676,SRS8380815,SAMN18140097,simple,10090,Mus musculus,GSM5133396,,,,,,,no,,,,,GEO,SRA1202964,,public,0D193D88A9BDEFE038E5493C6708BD7B,6E64364FE5CC2619C808529FDEE99527
SRR13858383,2021-06-18 17:19:36,2021-03-04 18:33:18,89446047,13416907050,89446047,150,4193,,https://sra-downloadb.be-md.ncbi.nlm.nih.gov/sos4/sra-pub-zq-1/SRR013/13858/SRR13858383/SRR13858383.lite.1,SRX10239402,,Hi-C,other,GENOMIC,PAIRED,0,0,ILLUMINA,NextSeq 500,SRP309311,PRJNA706676,3,706676,SRS8380816,SAMN18140096,simple,10090,Mus musculus,GSM5133397,,,,,,,no,,,,,GEO,SRA1202964,,public,268E80229158C53B270D9DEDA05AC78E,1B1835FEDF4AD8563897BD6E55F01CB5
SRR13858384,2021-06-18 17:19:36,2021-03-05 03:10:17,124823260,18723489000,124823260,150,5901,,https://sra-downloadb.be-md.ncbi.nlm.nih.gov/sos4/sra-pub-zq-1/SRR013/13858/SRR13858384/SRR13858384.lite.1,SRX10239402,,Hi-C,other,GENOMIC,PAIRED,0,0,ILLUMINA,NextSeq 500,SRP309311,PRJNA706676,3,706676,SRS8380816,SAMN18140096,simple,10090,Mus musculus,GSM5133397,,,,,,,no,,,,,GEO,SRA1202964,,public,DC65DD92CC3401C4BF0CC7CEB75812D0,A12E1077ACAD9086497D65A318DE65E1
SRR13858385,2021-06-18 17:19:36,2021-03-05 04:08:02,155196756,23279513400,155196756,150,7287,,https://sra-downloadb.be-md.ncbi.nlm.nih.gov/sos4/sra-pub-zq-1/SRR013/13858/SRR13858385/SRR13858385.lite.1,SRX10239402,,Hi-C,other,GENOMIC,PAIRED,0,0,ILLUMINA,NextSeq 500,SRP309311,PRJNA706676,3,706676,SRS8380816,SAMN18140096,simple,10090,Mus musculus,GSM5133397,,,,,,,no,,,,,GEO,SRA1202964,,public,F0D808D7DC6C5A95C540EC3125F882B9,EB0D448AB80935E645B711048390A5FA
